[
  {
    "Id": "1262485",
    "ThreadId": "550514",
    "Html": "Hi,\r<br />\nI've just discovered your library and I'm wondering if you have any experience using it in the Windows 8 environment? So far I've taken the source and compiled it in Visual Studio 12 with no issues. I' know Windows 8 has eliminated the built in MidiMapper, but I'm wondering if there are any caveats you've run in to. Anyone else out there woring with this in Windows 8?\r<br />\n<br />\nChris<br />\n",
    "PostedDate": "2014-07-03T11:15:49.583-07:00",
    "UserRole": null,
    "MarkedAsAnswerDate": null
  },
  {
    "Id": "1262719",
    "ThreadId": "550514",
    "Html": "Hi Chris,\r<br />\n<br />\nWindows 8 has two faces: the desktop and WinRT (StoreApps). The MIDI.NET library uses the winmm (Windows Muli Media) library. Winmm is available on Win8 Desktop but not on WinRT. For WinRT they are developing a new API that is .NET compatible. Check out <a href=\"https://www.nuget.org/packages/Microsoft.WindowsPreview.MidiRT/\" rel=\"nofollow\">https://www.nuget.org/packages/Microsoft.WindowsPreview.MidiRT/</a>\r<br />\n<br />\nHope it helps,\r<br />\nMarc<br />\n",
    "PostedDate": "2014-07-04T03:08:50.327-07:00",
    "UserRole": null,
    "MarkedAsAnswerDate": null
  },
  {
    "Id": "1262761",
    "ThreadId": "550514",
    "Html": "Thanks, Mark. I've been watching the MidiRT developments come along. I'm primarily interested in creating a few of my own desktop apps, fairly simple things like a sysex/patch librarian and loader utility for my old Kawai K4. Well over 20 years ago I did this in the DOS world with my own MPU401 assembly code driver and lots of C code for a graphical interface. Just trying to figure how to do a similar thing in the Windows 8 environment without having to write the low/high level drivers required to communicate through the Windows libraries. As I've been able to fully compile the MIDI.NET source and examples (although I'm still trying to understand why the examples do not function properly), I hope your libraries will allow me to communicate easily over the midi ports, and use .NET to create my own interfaces. I'll let you know how it goes...\r<br />\n<br />\nChris <br />\n",
    "PostedDate": "2014-07-04T05:58:56.77-07:00",
    "UserRole": null,
    "MarkedAsAnswerDate": null
  },
  {
    "Id": "1262780",
    "ThreadId": "550514",
    "Html": "It should be fairly easy to get normal Midi and SysEx to work for your app. The Getting Started page lays out the basics: <a href=\"https://midinet.codeplex.com/wikipage?title=Getting%20Started\" rel=\"nofollow\">https://midinet.codeplex.com/wikipage?title=Getting%20Started</a>\r<br />\n<br />\nThe Midi File handling (setup) can be a bit complex because it is build on a generic chunk based file framework. The examples however, do show how to open or save midi files. \r<br />\n<br />\nIf you have any questions, please ask them in a new thread so the problem can be found easily by those having it too...\r<br />\n<br />\nI would suggest you start with some basic logic of connecting to your Kawai K4 and sending/receiving some basic SysEx messages. When you have that working you will be able to judge if it's worth writing a GUI for it...\r<br />\n<br />\nHave fun,\r<br />\nMarc<br />\n",
    "PostedDate": "2014-07-04T06:53:22.61-07:00",
    "UserRole": null,
    "MarkedAsAnswerDate": null
  }
]