[
  {
    "Id": "1014886",
    "ThreadId": "436535",
    "Html": "I'm looking to send a simple SysEx message that is just 6 bytes long. In the Sample SysEx utility, all the SysEx messages are put in a stream and then sent to the MidiOutPort.LongData method. Is there any plan to overload LongData so it will accept either a stream (as it is now), or a non-stream (i.e. medium size) message?\r<br />\n<br />\nJake<br />\n",
    "PostedDate": "2013-03-13T15:04:49.787-07:00",
    "UserRole": null,
    "MarkedAsAnswerDate": null
  },
  {
    "Id": "1015030",
    "ThreadId": "436535",
    "Html": "Hi Jake,\r<br />\n<br />\nThe MidiBufferStream object that SendLong takes also represents the structure that is needed at Win32 level (MIDIHDR and buffer in unmanaged memory). These buffers also need to be registered to the MidiPort. That is taken care of by the MidiBufferManager(s). I deliberately designed the MidiBufferStream as it is for optimization (The MidiBufferManager allocates continuous blocks of unmanaged memory to which the MidiBufferStreams are attached). \r<br />\n<br />\nI understand that it might seem like overhead/overkill for small messages but I feel that its the best design for now - so no, no plans to change that.\r<br />\n<br />\nUse the BinaryWriter (System.IO) to write your bytes into the MidiBufferStream.\r<br />\n<br />\nHope it helps.\r<br />\nMarc<br />\n",
    "PostedDate": "2013-03-13T23:50:30.287-07:00",
    "UserRole": null,
    "MarkedAsAnswerDate": null
  },
  {
    "Id": "1015636",
    "ThreadId": "436535",
    "Html": "OK - I looked at your SysEx sample and figured out the minimum that had to be done. \r<br />\nThis code appears to work now:<br />\n<pre><code>        ' Send a long message\n        mSysEx = New MidiSysExMessage({&amp;HF0, &amp;H43, &amp;H73, &amp;H1, &amp;H3, &amp;HF7})\n        mpOut.BufferManager.Initialize(1, 1024)         ' 1 buffer of 1024 bytes\n        Dim midiBuffer As MidiBufferStream = mpOut.BufferManager.RetrieveBuffer\n        midiBuffer.Clear()\n        midiBuffer.Write(mSysEx.GetData, 0, mSysEx.ByteLength)\n        mpOut.LongData(midiBuffer)</code></pre>\n\nThanks,\r<br />\nJake\r<br />\n<br />\np.s. did you see my bug report?<br />\n",
    "PostedDate": "2013-03-14T17:44:01.73-07:00",
    "UserRole": null,
    "MarkedAsAnswerDate": null
  },
  {
    "Id": "1015719",
    "ThreadId": "436535",
    "Html": "That looks about right. Note that you call BufferManager.Initialize only once.<br />\n<br />\nIf you don't want the 'overhead' of using Midi Message classes you could directly write the sysex bytes into the MidiBufferStream (optionally using a BinaryWriter).<br />\n<br />\nYeah, I saw your bug report. Hope to work on it this weekend. Thanx.<br />\n",
    "PostedDate": "2013-03-14T23:24:45.9-07:00",
    "UserRole": null,
    "MarkedAsAnswerDate": null
  },
  {
    "Id": "1016258",
    "ThreadId": "436535",
    "Html": "Jake, I just checked in a fix for the MidiNoteName bug. <br />\n<br />\nHope it works for you.<br />\nMarc<br />\n",
    "PostedDate": "2013-03-16T00:26:16.853-07:00",
    "UserRole": null,
    "MarkedAsAnswerDate": null
  }
]