[
  {
    "Id": "1324880",
    "ThreadId": "572814",
    "Html": "I built the source code and rebuilded solution with no errors and on project added those four dll files to reference.\r<br />\n<br />\nNow, i would like to add the code for MidiInPort in the project that already exist, so that i can via midi keyboard manipulate with certain graphics.\r<br />\nLet's say that we want with certain key - switch an image. So, when we press let's say note C4, that will switch an image and after releasing the key first one will again appear and so on...\r<br />\n<br />\nWhat would look the simplest form of the code for this purpose and where it should be placed, in form.vb or elsewhere? \r<br />\nWhen i try to put any code with using CannedBytes.Midi, this error apear &quot;Statement cannot appear outside of a method body/multiline lambda&quot;\r<br />\nSorry im not any expert in this, so i would realy appreciate any help:)\r<br />\n<br />\nThanks<br />\n",
    "PostedDate": "2014-11-21T11:49:50.423-08:00",
    "UserRole": null,
    "MarkedAsAnswerDate": null
  },
  {
    "Id": "1324984",
    "ThreadId": "572814",
    "Html": "The error indicates that the code you've added is not in a valid location. You have placed it outside a method (probably). I do not mind helping with MIDI.NET, but I do ask that people 'do their homework'.\r<br />\n<br />\nYou have to implement the IMidiDataReceiver interface and set it as 'Successor' on the MidiInPort. See also <a href=\"https://midinet.codeplex.com/wikipage?title=Getting%20Started\" rel=\"nofollow\">Getting Started</a> in the docs.\r<br />\n<br />\nThe LongData method can be ignored for now - just implement an empty method. The ShortData will receive the incoming MIDI data. You may have to filter that data for NoteOn and NoteOff events. If you're fine working with MIDI data as int's then perhaps the <a href=\"https://midinet.codeplex.com/SourceControl/latest#Source/Code/CannedBytes.Midi/MidiData.cs\" rel=\"nofollow\">MidiData</a> class can help you deciding what the MIDI events are. \r<br />\n<br />\nIf you prefer to receive your MIDI data as objects, you can use CreateShortMessage method of the <a href=\"https://midinet.codeplex.com/SourceControl/latest#Source/Code/CannedBytes.Midi.Message/MidiMessageFactory.cs\" rel=\"nofollow\">MidiMessageFactory</a> to create the <a href=\"https://midinet.codeplex.com/SourceControl/latest#Source/Code/CannedBytes.Midi.Message/MidiShortMessage.cs\" rel=\"nofollow\">MidiShortMessage</a> objects. The factory will return different types of objects (all derived from MidiShortMessage) for each different Midi event.\r<br />\n<br />\nHope it helps,\r<br />\nMarc<br />\n",
    "PostedDate": "2014-11-21T23:31:18.59-08:00",
    "UserRole": null,
    "MarkedAsAnswerDate": null
  },
  {
    "Id": "1325567",
    "ThreadId": "572814",
    "Html": "At the first i started my project with .vb class, now i wonder how to implement this .cs classes or connect to it?:)<br />\n",
    "PostedDate": "2014-11-24T08:09:45.92-08:00",
    "UserRole": null,
    "MarkedAsAnswerDate": null
  },
  {
    "Id": "1325599",
    "ThreadId": "572814",
    "Html": ".cs files are C-Sharp (C#) files which is a different langauge than VB.NET.\r<br />\n<br />\nThe type of project you create dictates the language. You CAN use .NET assemblies in any language in any other language (technically not entirely true, but it is for VB.NET vs CS).\r<br />\n<br />\nThis tool may help in converting the C# sample code to VB.NET.\r<br />\n<br />\nMarc\r<br />\n<a href=\"http://www.developerfusion.com/tools/convert/csharp-to-vb/\" rel=\"nofollow\">http://www.developerfusion.com/tools/convert/csharp-to-vb/</a><br />\n",
    "PostedDate": "2014-11-24T09:18:52.853-08:00",
    "UserRole": null,
    "MarkedAsAnswerDate": null
  }
]