[
  {
    "Id": "1068843",
    "ThreadId": "450136",
    "Html": "Hi, and thanks for your work!\r<br />\n<br />\nTHE PROBLEM: I'd like to play microtones (let's say quarter-tones)\r<br />\n<br />\nONE ANSWER is to detune one channel a quarter tone higher. You can then send the tempered notes to the in-tune channel, and the microtones to the detuned channel. Provided you assigned them the same instrument (!), the result is convincing.\r<br />\n<br />\nTHE TRADE-OFF is that you need 2 channels for just 1 instrument, if you use quarter tones; 4 channels for 1 instrument if you use eighth tones... and at the end you definitely would like to have more channels to assign!\r<br />\n<br />\nIs there a way to achieve this &quot;channel multiplication&quot; without using external devices?\r<br />\nI would like to create multiple instances of Microsoft GS Synth, but it is a device, not a class!\r<br />\nMaybe you found a way (or a workaround) in MIDI.NET to achieve this? \r<br />\n<br />\nThanks in advance,\r<br />\n<br />\nElvio<br />\n",
    "PostedDate": "2013-07-16T00:27:03.693-07:00",
    "UserRole": null,
    "MarkedAsAnswerDate": null
  },
  {
    "Id": "1076239",
    "ThreadId": "450136",
    "Html": "I don't think there is any other way. The midi spec itself has no events that cover microtones... \r<br />\n<br />\nYou could try to build something (some sort of mapper?) with preset amount of pitch bend...?\r<br />\n<br />\nHope it helps...<br />\n",
    "PostedDate": "2013-08-02T23:43:01.373-07:00",
    "UserRole": null,
    "MarkedAsAnswerDate": null
  },
  {
    "Id": "1076643",
    "ThreadId": "450136",
    "Html": "Thanks for your answer!\r<br />\nTo clarify my question: is there a way to have 32 (48, 64...) midi channels using Microsoft GS Synth?\r<br />\nOr are there other ways to achieve this &quot;many-channels&quot; goal?\r<br />\n<br />\nBest,\r<br />\n<br />\nE<br />\n",
    "PostedDate": "2013-08-04T23:59:06.9-07:00",
    "UserRole": null,
    "MarkedAsAnswerDate": null
  },
  {
    "Id": "1076675",
    "ThreadId": "450136",
    "Html": "You could try using a DAW to instantiate multiple VSTi's. \r<br />\n<br />\nYou cannot instantiate multiple Midi ports, they are a representation of hardware.<br />\n",
    "PostedDate": "2013-08-05T01:09:46.25-07:00",
    "UserRole": null,
    "MarkedAsAnswerDate": null
  }
]