[
  {
    "Id": "1246000",
    "ThreadId": "545517",
    "Html": "<a href=\"https://www.youtube.com/watch?v=IY2OHsOW48k\" rel=\"nofollow\">https://www.youtube.com/watch?v=IY2OHsOW48k</a>\r<br />\n<br />\nhey can I build a this kind of sequencer using your API,I would like to knw how to design a form like this.thank you.<br />\n",
    "PostedDate": "2014-05-15T22:42:26.757-07:00",
    "UserRole": null,
    "MarkedAsAnswerDate": null
  },
  {
    "Id": "1246007",
    "ThreadId": "545517",
    "Html": "An application like that requires a lot of work and knowledge to create properly. If you are a beginner, I would suggest you start with something simpler to get some more experience.\r<br />\n<br />\nThe MIDI.NET library will help you in sending or receiving the MIDI messages to/from a MidiPort (a device hooked onto your PC) - that is about it (it can also read/write MIDI files). All the screen interaction and the sequencer (keeping track of the notes and 'playing' them) you have to write yourself.\r<br />\n<br />\nHope it helps,\r<br />\nMarc<br />\n",
    "PostedDate": "2014-05-15T23:22:56.163-07:00",
    "UserRole": null,
    "MarkedAsAnswerDate": null
  },
  {
    "Id": "1246014",
    "ThreadId": "545517",
    "Html": "yes I am a beginer and i havn't any experience about that,,Is that your midi mapper work like that,,can't I use that<br />\n",
    "PostedDate": "2014-05-15T23:54:24.87-07:00",
    "UserRole": null,
    "MarkedAsAnswerDate": null
  },
  {
    "Id": "1246015",
    "ThreadId": "545517",
    "Html": "<a href=\"http://onlinesequencer.net/\" rel=\"nofollow\">http://onlinesequencer.net/</a><br />\n",
    "PostedDate": "2014-05-16T00:02:41.093-07:00",
    "UserRole": null,
    "MarkedAsAnswerDate": null
  },
  {
    "Id": "1246016",
    "ThreadId": "545517",
    "Html": "actuallly I want to design this kind of thing for my reserch,,how can I begin for this,,I dnt want to connet devices,,just open/create midi files and need to edit them,,please give me any sugestion<br />\n",
    "PostedDate": "2014-05-16T00:05:26.203-07:00",
    "UserRole": null,
    "MarkedAsAnswerDate": null
  },
  {
    "Id": "1246017",
    "ThreadId": "545517",
    "Html": "The MidiMapper sample application translates incoming midi event to other midi events that are sent out. Hardly a sequencer...<br />\n",
    "PostedDate": "2014-05-16T00:22:11.303-07:00",
    "UserRole": null,
    "MarkedAsAnswerDate": null
  }
]