[
  {
    "Id": "1185449",
    "ThreadId": "515446",
    "Html": "I have downloaded the files (CannedBytes.MIDI.NET) now, where do I put them so C# can find them? Are there additional steps needed before I can use this? \r<br />\n<br />\nusing CannedBytes.Midi; gives me an error stating that CannedBytes cannot be found.<br />\n",
    "PostedDate": "2014-01-20T12:58:57.127-08:00",
    "UserRole": null,
    "MarkedAsAnswerDate": null
  },
  {
    "Id": "1186327",
    "ThreadId": "515446",
    "Html": "I assume you have downloaded the binaries (downloads tab).\r<br />\n<br />\nIf you use MIDI.NET in your own project it does not really matter where you put the MIDI.NET assemblies. I would suggest you put it somewhere relative to your solution folder/file - like a sub folder.\r<br />\n<br />\nThen you simply add the reference to your project.\r<br />\n<a href=\"http://msdn.microsoft.com/en-us/library/wkze6zky.aspx\" rel=\"nofollow\">http://msdn.microsoft.com/en-us/library/wkze6zky.aspx</a>\r<br />\n<br />\nHope it helps.\r<br />\nMarc<br />\n",
    "PostedDate": "2014-01-20T22:23:57.79-08:00",
    "UserRole": null,
    "MarkedAsAnswerDate": null
  }
]