[
  {
    "Id": "1277805",
    "ThreadId": "554184",
    "Html": "I get 5 errors saying the same thing:\r<br />\n<strong>Error\t1\tSource file '............_AssemblyInfo\\AssemblyInfo.General.cs' could not be found\tC:\\Users\\sandy\\Documents\\Visual Studio 2013\\Projects\\midi.net\\Source\\Code\\CannedBytes.Midi\\CSC\tCannedBytes.Midi</strong>\r<br />\n<br />\nThis occurs at different folders/projects.<br />\n",
    "PostedDate": "2014-07-25T11:05:19.593-07:00",
    "UserRole": null,
    "MarkedAsAnswerDate": null
  },
  {
    "Id": "1284400",
    "ThreadId": "554184",
    "Html": "Hi.\r<br />\n<br />\nThere are some files, like the general assembly info and the key file, that are referenced in the projects, but not checked in into source control. I have done this to make a clear distinction between official releases made by me (signed with my private key file) and user-build binaries (build by you). This is important for the license.\r<br />\n<br />\nSo you can remove the assembly info and key files from the projects and it should build fine. -or- you can download the binaries.\r<br />\n<br />\nHope it helps,\r<br />\nMarc<br />\n",
    "PostedDate": "2014-08-03T23:53:34.277-07:00",
    "UserRole": null,
    "MarkedAsAnswerDate": null
  },
  {
    "Id": "1486030",
    "ThreadId": "554184",
    "Html": "Beginner programmer, Win 10, VS 2015 Community.   Followed your &quot;Build the Source Code&quot; page.  Loaded the .sln file into VS.  Ignored the warnings about binding with some server about something.  Removed all of the AssemblyInfo.General.cs files I could find.  Unchecked &quot;Sign the Assembly&quot; in each project's properties.  Instructed VS to &quot;rebuild&quot;.\r<br />\n<br />\nGot many warnings, but specifically one error:\r<br />\n<br />\nSeverity\tCode\tDescription\tProject\tFile\tLine\r<br />\nError\t\tSource file 'C:\\Users\\Paul\\Desktop\\MIDI.net\\Source\\Code\\CannedBytes.Midi.Components............_AssemblyInfo\\AssemblyInfo.General.cs' could not be found.\tCannedBytes.Midi.Components\tC:\\Users\\Paul\\Desktop\\MIDI.net\\Source\\Code\\CannedBytes.Midi.Components\\CSC\t\r<br />\n<br />\nI'm clueless as to how to proceed.  Comments?\r<br />\n<br />\nThanks.<br />\n",
    "PostedDate": "2016-10-13T13:20:28.013-07:00",
    "UserRole": null,
    "MarkedAsAnswerDate": null
  },
  {
    "Id": "1486035",
    "ThreadId": "554184",
    "Html": "Also, where exactly do the Samples live, please?  I d/l'ed CannedBytes.MIDI.NET.zip, and sure it has a .._Packages\\Samples\\ folder, but the folder is empty.<br />\n",
    "PostedDate": "2016-10-13T14:52:48.137-07:00",
    "UserRole": null,
    "MarkedAsAnswerDate": null
  },
  {
    "Id": "1486059",
    "ThreadId": "554184",
    "Html": "The bindings warning you get is about the link to the codeplex TFS source code control system - they can be removed.\r<br />\n<br />\nYou do not need to remove <em>all</em> AssemblyInfo.cs files.\r<br />\nLooks like you've still got a reference to the AssemblyInfo.General.cs file - you can remove that. \r<br />\n<br />\nWhen the solution is loaded, you should see exclamation marks (in yellow triangles) that indiacte that a file is in the project definition but not on disk. You only have to remove those.\r<br />\n<br />\nUnchecking the &quot;Sign the Assembly&quot; option is correct.\r<br />\n<br />\nSamples can be found (on this site) under the &quot;Source Code&quot; tab (top navigation). Open de tree on the left (it says 'Source') and you'll see 'Samples' at the bottom. You can download that (as a zip) and open the solution file in VS.\r<br />\n<br />\nLet me know if this is enough info for you.\r<br />\nHope it helps.<br />\n",
    "PostedDate": "2016-10-13T23:43:40.637-07:00",
    "UserRole": null,
    "MarkedAsAnswerDate": null
  },
  {
    "Id": "1486136",
    "ThreadId": "554184",
    "Html": "I just responded, but I think I may have lost the response before posting.\r<br />\n<br />\nSo yes, your advice helped.  Can now build everything.\r<br />\n<br />\nMy mission at the moment?  To algorithmically compose trios or quartets and save them to the hard drive to be played by a midi player.  Despite being a horrendous programmer who struggles to read C# code and understand .net-isms, I actually have managed over many months to scrape some C# together that does indeed compose to a list of note events or, alternatively, to multiple lists, each containing a track of events.\r<br />\n<br />\nSo now I need to figure out how to use your write-a-MIDI-file code to receive my lists.  Tweaking my lists to give your code what it wants to consume, should be easy.  Understanding your code so that I can focus solely on the &quot;writing&quot;, rather than the &quot;reading&quot;, calls and data structures, is a challenge for me.\r<br />\n<br />\nMuch appreciate all of your effort and generosity here, and well understand that you can't write the darned thing for me.  But now that you know what I'm up to, if you have even a word or two of comment, I'd welcome it.\r<br />\n<br />\nThanks, Marc.  And forgive me if this is the second time I've posted the same idea, and feel free to delete one or the other, but I can't find any evidence that I successfully posted the first.<br />\n",
    "PostedDate": "2016-10-14T14:34:07.087-07:00",
    "UserRole": null,
    "MarkedAsAnswerDate": null
  },
  {
    "Id": "1486149",
    "ThreadId": "554184",
    "Html": "Good to hear you are up and running. Please feel free to post (in a new post) any questions or problems you have. One piece of 'advice' for you is to look how to write a sequencer. You have to output each note in that list at the right time.<br />\n",
    "PostedDate": "2016-10-14T22:43:33.407-07:00",
    "UserRole": null,
    "MarkedAsAnswerDate": null
  },
  {
    "Id": "1486158",
    "ThreadId": "554184",
    "Html": "Yep.  Already have both delta and absolute time available in my list of events, although I may have to convert units as I come to better understand what your SMF-writing code wants from me.<br />\n",
    "PostedDate": "2016-10-15T03:04:40.143-07:00",
    "UserRole": null,
    "MarkedAsAnswerDate": null
  }
]