[
  {
    "Id": "1201823",
    "ThreadId": "528677",
    "Html": "I want to create a VST that observes the MIDI notes being played live and shows them to me as they would look on the bars of sheet music. It doesn't have to actually create the score and keep history but just show the last notes observed as they are being pressed. This would be used as a learning exercise to read/validate sheet music it in order to create a mental association for the user between notes played and notes read.<br />\n<ol>\n<li>\nDoes something like this already exists?<br />\n</li>\n<li>\nIf not, is this something that can be achieved with this library? I assume I can do the note renderings in WPF?  Can you point me to the right class for observing the MIDI note stream?<br />\n</li>\n</ol>\n",
    "PostedDate": "2014-02-02T11:56:17.757-08:00",
    "UserRole": null,
    "MarkedAsAnswerDate": null
  },
  {
    "Id": "1201918",
    "ThreadId": "528677",
    "Html": "If you want to build a VST you may want to check out my other project VST.NET (<a href=\"http://vstnet.codeplex.com\" rel=\"nofollow\">http://vstnet.codeplex.com</a>). That will allow you to build a VST plugin in managed code (C#/VB.NET). Refer to the source code to find the samples. There are also a VS Project templates available (one for an Audio plugin and one for a Midi plugin).<br />\n<br />\n1) I have not seen anything like that before - but search the net to be sure.<br />\n2) You can use this library in combination with VST.NET although, for your case it would not be required. VST.NET can work with WPF and also allow you to receive the incoming Midi events. If you're not using VST.NET look at the Documentation tab. There's a page there that outlines the basics...<br />\n<br />\nHope it helps.<br />\nMarc<br />\n",
    "PostedDate": "2014-02-02T22:27:42.123-08:00",
    "UserRole": null,
    "MarkedAsAnswerDate": null
  },
  {
    "Id": "1201924",
    "ThreadId": "528677",
    "Html": "If I create a stand alone app not VST with MIDI.NET and also have Ableton Live running working with MIDI, will the two conflict and can they work simultaneously? or is this a good reason for creating a VST which I assume can work concurrently with any DAW.<br />\n",
    "PostedDate": "2014-02-02T22:41:51.393-08:00",
    "UserRole": null,
    "MarkedAsAnswerDate": null
  },
  {
    "Id": "1201927",
    "ThreadId": "528677",
    "Html": "Some multi-client drivers allow multiple connections at the same time - if not, the port will be locked by the first app that opens it. \r<br />\nNice thing about a VST plugin is that you can let it &quot;run&quot; on pre-recorded midi tracks, but it may be a good idea to get the logic working first in a stand alone app.<br />\n",
    "PostedDate": "2014-02-02T22:49:40.473-08:00",
    "UserRole": null,
    "MarkedAsAnswerDate": null
  }
]