[
  {
    "Id": "1144296",
    "ThreadId": "479197",
    "Html": "I am trying to expand the MidiNoteMapper sample app to handle complex routing / mapping needs that I have.\r<br />\n<br />\nI need to have two (or more) instances of the MidiNoteMapper class that point to the same input port (but listening on different channels).    I am able to add the first instance of the MidiNoteMapper to the ChainManager just fine, and everything works.   But, I try to add a second instance of the MidiNoteMapper to the ChainManager, I get a message of &quot;End of Chain!  Last Receiver did not implement IMidiReceiverChain&quot;.      I've searched through the source for the libraries, and can find this message (in the resource file), but can't actually find an interface called &quot;IMidiReceiverChain&quot;.   I can see where, in MidiReceiverChainManager, the message is thrown, but I am unclear what interface, exactly, my modified version of the MidiNoteMapper class must implement.    Can you help?\r<br />\n<br />\n(any discussion about how the chains work and how to implement them would be appreciated!)<br />\n",
    "PostedDate": "2013-12-31T12:12:15.8-08:00",
    "UserRole": null,
    "MarkedAsAnswerDate": null
  },
  {
    "Id": "1144302",
    "ThreadId": "479197",
    "Html": "The &quot;IMidiReceiverChain&quot; is an old name for what is now IChainOf&lt;IMidiDataReceiver&gt;. The IChainOf&lt;T&gt; interface is a generic interface to create a chain of components (chain of responsibility pattern) that all implement a specific interface T. The IChainOf&lt;T&gt; introduces a Successor property that points to the next component in the chain. The idea is that at the start of the chain some action is propagated through the chain of components. Each component can alter and/or filter data or change the action completely. \r<br />\n<br />\nA MidiInPort is always at the start of the chain and a MidiOutPort is always at the end of a chain. The ChainManagers are there to manage building and initializing the input/output chains, allow iterating its component as well as component cleanup.\r<br />\n<br />\nThe &quot;end of the chain&quot; is the first component that does not implement IChainOf&lt;T&gt;. Because each component references the next component it requires the Successor property of the IChainOf&lt;T&gt;.\r<br />\n<br />\nSo in your case: you could build a component that examines the short data and dispatches these calls to several different other components (branching the chain based on channel number) - each branch doing further processing for that channel - each having their own MidiNoteMapper instance.\r<br />\n<br />\nThere is a reason this whole mechanism is in a separate assembly. I do not mean to pin people down on this mechanism - it is optional. So you can also choose something else to do/manage your processing.\r<br />\n<br />\nHope it helps.\r<br />\nMarc<br />\n",
    "PostedDate": "2013-12-31T12:58:28.05-08:00",
    "UserRole": null,
    "MarkedAsAnswerDate": null
  }
]