[
  {
    "Id": "1305599",
    "ThreadId": "567690",
    "Html": "I am making a program to edit the lyrics in a KAR file. Since KAR is the same structure as MID, I have been using the code from the MIDI.NET samples. I took a look at MidiFilePlayer and was able to readily adapt it into my application. Now I am trying to use the code from MidiRecordToFile to write out the changes. In the file MidiFileSerializer.cs there is a base class called DisposableBase and a type called DisposeObjectKind - neither can be found. I have checked all the 'using xxx' and references, but I can't see where these should come from. Google search came up empty, so I suspect they are something from CannedBytes. Can you shed some light on this?\r<br />\n<br />\nThanks,\r<br />\nJake<br />\n",
    "PostedDate": "2014-09-17T07:51:19.97-07:00",
    "UserRole": null,
    "MarkedAsAnswerDate": null
  },
  {
    "Id": "1305611",
    "ThreadId": "567690",
    "Html": "Yes correct, that reference is from the CannedBytes assembly.\r<br />\n<br />\nThe MIDI.NET solution depends on several CannedBytes library assemblies. The DispasableBase class (and the DisposeObjectKind enum) lives in CannedBytes.dll. They should be present in the MIDI.NET binary release .zip.\r<br />\n<br />\nMake sure you have the CannedBytes.dll (also IO and Media) on your system. You can also try to delete the reference from your project file and redo it by hand, sometimes that works when VS cannot find the assembly files based on the hints in the project files...\r<br />\n<br />\nLet me know if it all works out for you.\r<br />\n<br />\nHope it helps,\r<br />\nMarc<br />\n",
    "PostedDate": "2014-09-17T08:15:00.13-07:00",
    "UserRole": null,
    "MarkedAsAnswerDate": null
  },
  {
    "Id": "1305648",
    "ThreadId": "567690",
    "Html": "Problem solved. I had taken some of your sample code and put it all in one project file - and I used a NAMESPACE of MidiHelperFiles. When I changed the namespace to CannedBytes.MidiHelperFiles, the types were found. \r<br />\n<br />\nThanks,<br />\n",
    "PostedDate": "2014-09-17T09:59:51.567-07:00",
    "UserRole": null,
    "MarkedAsAnswerDate": null
  }
]