[
  {
    "Id": "1029062",
    "ThreadId": "439953",
    "Html": "Simply put, I'm attempted to start implementation of this lib in a new program. I'm not anywhere near an expert in the area of visual studio, so I'm a bit curious as to how to go about building the project and then using it as a resource. What I've attempted to do so far is to download the source code, open the sln in Visual studio, and then building it, however I get a lot of &quot;files not found&quot; when opening it, and general errors when trying to build.\r<br />\n<br />\nFrom looking around, it seemed like some of those &quot;not-found&quot; files were for specific verification files, however it doesn't seem I can build without them. Is there a more easy step-by-step process I can follow?<br />\n",
    "PostedDate": "2013-04-11T08:48:01.09-07:00",
    "UserRole": null,
    "MarkedAsAnswerDate": null
  },
  {
    "Id": "1029089",
    "ThreadId": "439953",
    "Html": "Welcome! If you have VS2010 (or higher) and the source code you should be ok.<br />\n<br />\nThere are some files in the projects that are not checked in into codeplex. This is by design. These files (especially the key/snk file) are for me to make releases with so they can be identified as an official release (important for the license). These (missing, with an exclamation icon) files can all be deleted from the individual projects. It should then build. If not please report any compiler errors back here so I can help you out.<br />\n<br />\nOh BTW, Dont forget to also download the _SharedAssemblies. You'll be needing these dependencies...<br />\n<br />\nHope it helps.<br />\n",
    "PostedDate": "2013-04-11T09:46:09.043-07:00",
    "UserRole": null,
    "MarkedAsAnswerDate": null
  },
  {
    "Id": "1029203",
    "ThreadId": "439953",
    "Html": "This was the original error: <a href=\"http://pastie.org/pastes/7458031/text\" rel=\"nofollow\">http://pastie.org/pastes/7458031/text</a><br />\n<br />\nI downloaded the entire src (samples, _sharedassemblies, and code), and the errors remain the same.<br />\n<br />\nI am using Visual Studio 2010.<br />\n",
    "PostedDate": "2013-04-11T13:36:03.033-07:00",
    "UserRole": null,
    "MarkedAsAnswerDate": null
  },
  {
    "Id": "1029346",
    "ThreadId": "439953",
    "Html": "You don't have support for UnitTests installed. You can remove those projects from the solution.\r<br />\nThe AssemblyInfo.General.cs files can also be safely removed from the projects.\r<br />\n<br />\nI have started to document the procedings here:\r<br />\n[url:<a href=\"https://midinet.codeplex.com/wikipage?title=Build%20Source%20Code]\" rel=\"nofollow\">https://midinet.codeplex.com/wikipage?title=Build%20Source%20Code]</a><br />\n",
    "PostedDate": "2013-04-11T22:23:58.767-07:00",
    "UserRole": null,
    "MarkedAsAnswerDate": null
  },
  {
    "Id": "1031740",
    "ThreadId": "439953",
    "Html": "I just uploaded a binary release. You could try that so you don't have to build the source code.\r<br />\n<br />\nHope it helps.\r<br />\nMarc<br />\n",
    "PostedDate": "2013-04-17T05:42:54.29-07:00",
    "UserRole": null,
    "MarkedAsAnswerDate": null
  },
  {
    "Id": "1035617",
    "ThreadId": "439953",
    "Html": "Thanks!<br />\n",
    "PostedDate": "2013-04-25T06:18:41.967-07:00",
    "UserRole": null,
    "MarkedAsAnswerDate": null
  }
]