[
  {
    "Id": "1325801",
    "ThreadId": "573074",
    "Html": "I seem to be having a hard time raising an event in a vb.net application from the IMidiDataReceiver interface. Any suggestions?<br />\n<pre><code>Imports CannedBytes.Midi\n\nPublic Class Form1\n    Public WithEvents obj As MyReceiver\n    Dim midiIn = New MidiInPort()\n\n    Private Sub Form1_FormClosing(sender As Object, e As FormClosingEventArgs) Handles Me.FormClosing\n        midiIn.Stop()\n        midiIn.Close()\n    End Sub\n\n    Private Sub Form1_Load(sender As Object, e As EventArgs) Handles MyBase.Load\n        midiIn.Successor = New MyReceiver\n        midiIn.Open(0)\n        midiIn.Start()\n    End Sub\n\n    Private Sub event1() Handles obj.event1\n        MessageBox.Show(&quot;Event1 Triggered&quot;)\n    End Sub\nEnd Class\n\nPublic Class MyReceiver\n    Implements IMidiDataReceiver\n    Public Event event1()\n\n    Private Sub LongData(buffer As MidiBufferStream, timestamp As Long) Implements IMidiDataReceiver.LongData\n    End Sub\n\n    Private Sub ShortData(data As Integer, timestamp As Long) Implements IMidiDataReceiver.ShortData\n        Console.WriteLine(&quot;Data Recieved - &quot; &amp; data)\n        RaiseEvent event1()\n    End Sub\nEnd Class</code></pre>\n\n",
    "PostedDate": "2014-11-24T23:02:18.633-08:00",
    "UserRole": null,
    "MarkedAsAnswerDate": null
  },
  {
    "Id": "1325899",
    "ThreadId": "573074",
    "Html": "I do not know VB very well, but I see you maintain a form instance member obj (MyReceiver) for wich you handle the event. But you assign a new instance directly to the midi port. So if you assign the new instance to your obj member and assign that to the midi port, it will probably work...\r<br />\n<br />\n[2c]\r<br />\nMarc<br />\n",
    "PostedDate": "2014-11-25T05:54:18.9-08:00",
    "UserRole": null,
    "MarkedAsAnswerDate": null
  },
  {
    "Id": "1325963",
    "ThreadId": "573074",
    "Html": "Thank you. I had briefly thought something like that. But your reply really helped me target the problem. Was able to solve changing only 2 lines! Much appreciated. <br />\n<pre><code>Imports CannedBytes.Midi\n\nPublic Class Form1\n    Public WithEvents obj As New MyReceiver     'EDITED\n    Dim midiIn = New MidiInPort()\n\n    Private Sub Form1_FormClosing(sender As Object, e As FormClosingEventArgs) Handles Me.FormClosing\n        midiIn.Stop()\n        midiIn.Close()\n    End Sub\n\n    Private Sub Form1_Load(sender As Object, e As EventArgs) Handles MyBase.Load\n        midiIn.Successor = obj     'EDITED\n        midiIn.Open(0)\n        midiIn.Start()\n    End Sub\n\n    Private Sub event1() Handles obj.event1\n        MessageBox.Show(&quot;Event1 Triggered&quot;)\n    End Sub\nEnd Class\n\nPublic Class MyReceiver\n    Implements IMidiDataReceiver\n    Public Event event1()\n\n    Private Sub LongData(buffer As MidiBufferStream, timestamp As Long) Implements IMidiDataReceiver.LongData\n    End Sub\n\n    Private Sub ShortData(data As Integer, timestamp As Long) Implements IMidiDataReceiver.ShortData\n        Console.WriteLine(&quot;Data Recieved - &quot; &amp; data)\n        RaiseEvent event1()\n    End Sub\nEnd Class</code></pre>\n\n",
    "PostedDate": "2014-11-25T07:54:44.217-08:00",
    "UserRole": null,
    "MarkedAsAnswerDate": null
  }
]