[
  {
    "Id": "1112572",
    "ThreadId": "463750",
    "Html": "Eeh, I just noticed that you had a Midi.Net library.\r<br />\n<br />\nBut, I was already using a Midi dot net library.\r<br />\n<br />\nThis project is unrelated to this one right?\r<br />\n<a href=\"http://code.google.com/p/midi-dot-net/\" rel=\"nofollow\">http://code.google.com/p/midi-dot-net/</a>\r<br />\n<br />\nI picked this library at the time because of the ability to change BPM on the fly and the ability to schedule midi messages.<br />\n",
    "PostedDate": "2013-10-26T15:26:28.713-07:00",
    "UserRole": null,
    "MarkedAsAnswerDate": null
  },
  {
    "Id": "1112681",
    "ThreadId": "463750",
    "Html": "Darn! I did some (google) research for the name. Hmmm.\r<br />\n<br />\nYes, it unrelated. \r<br />\n<br />\nWell, If there is some functionality you're missing in MIDI.NET, just post a request and I see what I can do (time permitting).\r<br />\n<br />\nHave fun.\r<br />\nMarc<br />\n",
    "PostedDate": "2013-10-27T10:26:42.227-07:00",
    "UserRole": null,
    "MarkedAsAnswerDate": null
  },
  {
    "Id": "1112684",
    "ThreadId": "463750",
    "Html": "Had a quick look at the other library.\r<br />\n<br />\nI Like the music theory related classes like the Chord and Scale classes.\r<br />\n<br />\nMIDI.NET does not support scheduling midi events, but it does have a clock - so it would be very easy to build.\r<br />\n<br />\nAnd MIDI.NET does support SysEx and SMF - where this other library does not.\r<br />\n<br />\nI really am looking for feedback from users, but its very quiet on the discussion forms. Either people are downloading it and not using it - or it is clear how to use the library and it does all they want it to do (which would be awesome)...?<br />\n",
    "PostedDate": "2013-10-27T10:38:46.153-07:00",
    "UserRole": null,
    "MarkedAsAnswerDate": null
  }
]