[
  {
    "Id": "1284483",
    "ThreadId": "558241",
    "Html": "<img src=\"http://i.imgur.com/9mnamX5.png\" alt=\"Image\" />\r<br />\n<br />\nI run the Midi Mapper.\r<br />\n<br />\nBut it can't find my midi in ports.\r<br />\n<br />\nHow can I fix this?\r<br />\n<br />\nThanks!!<br />\n",
    "PostedDate": "2014-08-04T04:09:48.157-07:00",
    "UserRole": null,
    "MarkedAsAnswerDate": null
  },
  {
    "Id": "1284572",
    "ThreadId": "558241",
    "Html": "My the looks of it you don't have any midi inputs registered on your PC..?\r<br />\n<br />\nCheck your PC setup to see if all your MIDI devices were registered properly.\r<br />\n<br />\nHope it helps,\r<br />\nMarc<br />\n",
    "PostedDate": "2014-08-04T06:25:17.787-07:00",
    "UserRole": null,
    "MarkedAsAnswerDate": null
  }
]