[
  {
    "Id": "1453095",
    "ThreadId": "647817",
    "Html": "Is anyone else running into this issue?\r<br />\n<br />\n<a href=\"https://social.msdn.microsoft.com/Forums/en-US/06146533-5773-40c1-ab7e-4dfd7f4a68bb/pinvoke-with-winmmdll-does-not-work-properly-with-net-46?forum=netfxbcl\" rel=\"nofollow\">https://social.msdn.microsoft.com/Forums/en-US/06146533-5773-40c1-ab7e-4dfd7f4a68bb/pinvoke-with-winmmdll-does-not-work-properly-with-net-46?forum=netfxbcl</a><br />\n",
    "PostedDate": "2015-11-18T22:56:54.557-08:00",
    "UserRole": null,
    "MarkedAsAnswerDate": null
  }
]