[
  {
    "Id": "1294577",
    "ThreadId": "562487",
    "Html": "I was using an older version of the library with no problems, but when I built a new machine and tried to compile and run versus the latest version using Visual Studio 2013 under Windows 8.1 64-bit I get an error when I run the app.\r<br />\nThe same code built using Visual Studio 2010 under Windows 7 64-bit works fine.\r<br />\nThe sample CannedBytes.Midi.MidiFilePlayer fails in the same way.\r<br />\n<br />\nThe problem is with the call to BufferManager.Initialize()\r<br />\n<br />\nThe native call NativeMethods.midiOutPrepareHeader() returns 11 (MMSYSERR_INVALPARAM). This error code is documented as:\r<br />\n&quot;The specified address is invalid or the given stream buffer is greater than 64K.&quot;\r<br />\n<br />\nI stepped into the native code, and it looks like (my assembly reading skills are very rusty) the check for the buffer being less than 64K is failing, and it looks to be looking in the wrong place in the stack. This seems to point to a P/Invoke error but I don't see any problem.\r<br />\n<br />\nHas anyone else successfully compiled and run using Visual Studio 2013, preferably under Windows 8+?\r<br />\n<br />\nAny ideas what the problem could be?<br />\n",
    "PostedDate": "2014-08-28T15:52:14.28-07:00",
    "UserRole": null,
    "MarkedAsAnswerDate": null
  },
  {
    "Id": "1295471",
    "ThreadId": "562487",
    "Html": "I have not come across this issue and you are the first to report it. \r<br />\nI will look into it.\r<br />\n<br />\nThanx,\r<br />\nMarc<br />\n",
    "PostedDate": "2014-08-29T23:07:32.883-07:00",
    "UserRole": null,
    "MarkedAsAnswerDate": null
  },
  {
    "Id": "1295473",
    "ThreadId": "562487",
    "Html": "This discussion has been copied to a work item. Click <a href=\"https://midinet.codeplex.com/workitem/35513\" rel=\"nofollow\">here</a> to go to the work item and continue the discussion.<br />\n",
    "PostedDate": "2014-08-29T23:08:46.89-07:00",
    "UserRole": null,
    "MarkedAsAnswerDate": null
  }
]