[
  {
    "Id": "1136353",
    "ThreadId": "474052",
    "Html": "Can you help by telling me if I have this right (or at least am on the right track) ? I want to send a patch change to an instrument. I <em>think</em> I can do it like this...\r<br />\n \r<br />\npublic void SendPatch(int outPortId, int channel, int patchnumber)\r<br />\n \r<br />\n{\r<br />\n \r<br />\n// Define the Midi Status Byte for a ProgramChange\r<br />\n byte ProgramChange = 0xC0;\r<br />\n \r<br />\n//Set the Channel that it is going out on. (Why do we &amp; 0x0F?)\r<br />\n byte outchannel = (byte)((channel - 1) &amp; 0x0F);\r<br />\n \r<br />\n// Create the outgoing status byte; combination of channel and ProgramChange \r<br />\nbyte _outPatchChange;\r<br />\n _outPatchChange = (byte)(ProgramChange | channel);\r<br />\n \r<br />\n//Declare a new MidiData \r<br />\nMidiData eventData = new MidiData(patchnumber);\r<br />\n \r<br />\n//Set the status byte = to our (Channel &amp; ProgramChange)\r<br />\n eventData.Status = _outPatchChange;\r<br />\n \r<br />\n// Set the first data byte equal to the patchnumber passed in\r<br />\n eventData.Parameter1 = (byte)patchnumber;\r<br />\n \r<br />\n//Open the MidiPort\r<br />\n MidiOutPort _outPort = new MidiOutPort();\r<br />\n _outPort.Open(outPortId);\r<br />\n \r<br />\n//Send the patchChange to the Midi Port\r<br />\n _outPort.ShortData(eventData.Data);\r<br />\n \r<br />\n//All done; close the Midi Port\r<br />\n _outPort.Close();\r<br />\n \r<br />\n}<br />\n",
    "PostedDate": "2013-12-15T13:18:53.507-08:00",
    "UserRole": null,
    "MarkedAsAnswerDate": null
  },
  {
    "Id": "1136563",
    "ThreadId": "474052",
    "Html": "The MidiData structure was made to help you with this. So you can also write:<br />\n<pre><code>MidiData pc = new MidiData();\npc.Status = 0xC0;\npc.Channel = channel;\npc.Parameter1 = patchNumber;</code></pre>\n\nThis you can send to the output port.\r<br />\n<br />\nNote that you are closing the output port right after you send the data. Although the methods may seem synchronous, the driver may be asynchronous. That could mean that you close the port before the midi was sent...\r<br />\n<br />\nHope it helps.\r<br />\nMarc<br />\n",
    "PostedDate": "2013-12-15T22:34:01.5-08:00",
    "UserRole": null,
    "MarkedAsAnswerDate": null
  },
  {
    "Id": "1136733",
    "ThreadId": "474052",
    "Html": "Thank you!   That approach is much simpler.   I'll give it a try... my current approach didn't seem to work although I could step through it without error.    <br />\n",
    "PostedDate": "2013-12-16T08:19:02.247-08:00",
    "UserRole": null,
    "MarkedAsAnswerDate": null
  },
  {
    "Id": "1136933",
    "ThreadId": "474052",
    "Html": "Using the approach shown above, should channel (as in  &quot;pc.Channel = channel; &quot;) be zero-based?    For Midi Channel #1, should the value of channel = 0 ?<br />\n",
    "PostedDate": "2013-12-16T16:02:06.163-08:00",
    "UserRole": null,
    "MarkedAsAnswerDate": null
  },
  {
    "Id": "1136991",
    "ThreadId": "474052",
    "Html": "Yes. The MidiData struct just helps you shuffling the parts of a short Midi message around. It does not change the value of these parts. So you use the values you wan't to see in the resulting Midi message. So channels would be zero-based. Parameters range from 0-127.<br />\n",
    "PostedDate": "2013-12-16T22:19:42.817-08:00",
    "UserRole": null,
    "MarkedAsAnswerDate": null
  }
]