[
  {
    "Id": "415236",
    "Title": "Good Start",
    "LatestDate": "2012-12-23T12:33:10.493-08:00"
  },
  {
    "Id": "436535",
    "Title": "SysEx message",
    "LatestDate": "2013-03-16T00:26:16.853-07:00"
  },
  {
    "Id": "439953",
    "Title": "Building the lib",
    "LatestDate": "2013-04-25T06:18:41.967-07:00"
  },
  {
    "Id": "448117",
    "Title": "SysExUtil problem",
    "LatestDate": "2013-08-22T23:26:40.1-07:00"
  },
  {
    "Id": "449370",
    "Title": "Any sample code snippet of recording MIDI using CannedBytes.Midi.RecordToFile?",
    "LatestDate": "2013-07-08T22:29:31.647-07:00"
  },
  {
    "Id": "450136",
    "Title": "Multiple Virtual Devices",
    "LatestDate": "2013-08-05T01:09:46.25-07:00"
  },
  {
    "Id": "451754",
    "Title": "Is it possible to send MIDI TimeCode?",
    "LatestDate": "2013-07-29T09:30:58.33-07:00"
  },
  {
    "Id": "463626",
    "Title": "cant download source with examples",
    "LatestDate": "2013-10-25T22:58:42.13-07:00"
  },
  {
    "Id": "463750",
    "Title": "Duplicate?",
    "LatestDate": "2013-10-27T10:38:46.153-07:00"
  },
  {
    "Id": "470669",
    "Title": "exporting list of MidiData into actual midi file",
    "LatestDate": "2013-11-21T00:12:24.9-08:00"
  },
  {
    "Id": "474052",
    "Title": "How to send a program change message?",
    "LatestDate": "2013-12-16T22:19:42.817-08:00"
  },
  {
    "Id": "479197",
    "Title": "need help with chains?",
    "LatestDate": "2013-12-31T12:58:28.05-08:00"
  },
  {
    "Id": "486996",
    "Title": "Is MIDI.NET suitable for making VST's sending midi to other VST's (internal routing)",
    "LatestDate": "2014-01-12T00:27:39.2-08:00"
  },
  {
    "Id": "515446",
    "Title": "Where do I put the files?",
    "LatestDate": "2014-01-20T22:23:57.79-08:00"
  },
  {
    "Id": "528677",
    "Title": "MIDI notes",
    "LatestDate": "2014-02-02T22:49:40.473-08:00"
  },
  {
    "Id": "545517",
    "Title": "How to create the form as a seqencer",
    "LatestDate": "2014-05-16T00:22:11.303-07:00"
  },
  {
    "Id": "550514",
    "Title": "Windows 8 support?",
    "LatestDate": "2014-07-04T06:53:22.61-07:00"
  },
  {
    "Id": "554184",
    "Title": "FIXED Build Error",
    "LatestDate": "2016-10-15T03:04:40.143-07:00"
  },
  {
    "Id": "558241",
    "Title": "There is no MIDI input in Midi Mapper.",
    "LatestDate": "2014-08-04T06:25:17.787-07:00"
  },
  {
    "Id": "562487",
    "Title": "Error initializing buffers when built using Visual Studio 2013",
    "LatestDate": "2014-08-29T23:08:46.89-07:00"
  },
  {
    "Id": "567690",
    "Title": "Missing reference",
    "LatestDate": "2014-09-17T09:59:51.567-07:00"
  },
  {
    "Id": "572814",
    "Title": "MidiInPort and controlling some graphic",
    "LatestDate": "2014-11-24T09:18:52.853-08:00"
  },
  {
    "Id": "573074",
    "Title": "Raising Event VB.NET",
    "LatestDate": "2014-11-25T07:54:44.217-08:00"
  },
  {
    "Id": "612233",
    "Title": "Samples folder is empty",
    "LatestDate": "2015-03-25T18:24:58.213-07:00"
  },
  {
    "Id": "616314",
    "Title": "Raising event in C#",
    "LatestDate": "2015-04-02T05:54:36.74-07:00"
  },
  {
    "Id": "638987",
    "Title": "Using from Powershell",
    "LatestDate": "2015-05-31T20:18:52.993-07:00"
  },
  {
    "Id": "647817",
    "Title": "winmm.dll issues with .NET 4.6?",
    "LatestDate": "2015-11-18T22:56:54.557-08:00"
  },
  {
    "Id": "650992",
    "Title": "Creating Chords",
    "LatestDate": "2016-02-23T01:44:04.897-08:00"
  }
]