[
  {
    "Id": "1428178",
    "ThreadId": "638987",
    "Html": "Just in case a non-programmer (like me) want to control a Midi device from ProwerShell. It is very easy thanks to Midi.Net<br />\nformatting all wrong so get it from <a href=\"https://gist.github.com/imorrish/c71fa667cd588b4a8275#file-poshmididemo-ps1\" rel=\"nofollow\">https://gist.github.com/imorrish/c71fa667cd588b4a8275#file-poshmididemo-ps1</a><br />\n<h1>Example using <a href=\"https://midinet.codeplex.com/\" rel=\"nofollow\">https://midinet.codeplex.com/</a> to control MIDI device</h1>\n<h1>Copy the following DLL's from above CodePlex project into path you want to use in the script</h1>\nadd-type -path 'C:\\Users\\IAN\\Documents\\WindowsPowerShell\\Modules\\Midi\\CannedBytes.dll'<br />\nadd-type -path 'C:\\Users\\IAN\\Documents\\WindowsPowerShell\\Modules\\Midi\\CannedBytes.IO.dll'<br />\nadd-type -path 'C:\\Users\\IAN\\Documents\\WindowsPowerShell\\Modules\\Midi\\CannedBytes.Midi.dll'<br />\n$midiInCaps = new-object CannedBytes.Midi.MidiInPortCapsCollection<br />\n$midiOutCaps = new-object CannedBytes.Midi.MidiOutPortCapsCollection<br />\n&quot;Input Devices-----------------------------&quot;<br />\nFor($i=0; $i -lt $midiInCaps.Count; $i++){<br />\n<pre><code>&quot;Device ID: $i Name: &quot; + $midiInCaps[$i].Name</code></pre>\n\n}<br />\n&quot;Output Devices-----------------------------&quot;<br />\nFor($j=0; $j -lt $midiOutCaps.Count; $j++){<br />\n<pre><code>&quot;Device ID: $j Name: &quot; + $midiOutCaps[$j].Name\nif ($midiOutCaps[$j].Name -eq 'CMD MICRO'){$CMD=$j}</code></pre>\n\n}<br />\n$midiOut = new-Object CannedBytes.Midi.MidiOutPort<br />\n$midiOut.Open($CMD)<br />\nIf($midiOut){<br />\n<h1>Flash the left play button</h1>\n$midiData = new-object CannedBytes.Midi.midiData<br />\n$midiData.Status=144 #Note on decimal<br />\n$midiData.Parameter1=23 #Play button on CMD Micro<br />\n$midiData.Parameter2=1 # 1=Green 2=Flash<br />\n$midiOut.ShortData($midiData)<br />\n$midiOut.Close()<br />\n}<br />\n",
    "PostedDate": "2015-05-31T20:18:52.993-07:00",
    "UserRole": null,
    "MarkedAsAnswerDate": null
  }
]