[
  {
    "Id": "1065847",
    "ThreadId": "449370",
    "Html": "I am an undergratuate student who is making a basic OMR application, where the notes ideitification is done for now. the next challenge left for me is to convert the idetified notes to a MIDI file.\r<br />\n<br />\nTherefore, when looking at CannedBytes.Midi.RecordToFile, is there any sample code which i can take a look at and have a idea of how to get my small task done, using MIDI.NET? \r<br />\n<br />\nAwaiting for your kind reply, please. (Consider me an an ameature, not a expert in programming field)\r<br />\n<br />\nThank You.<br />\n",
    "PostedDate": "2013-07-08T15:46:14.74-07:00",
    "UserRole": null,
    "MarkedAsAnswerDate": null
  },
  {
    "Id": "1065923",
    "ThreadId": "449370",
    "Html": "Hi,\r<br />\n<br />\nThat should not be hard. You need the note number (0-127) which is played, how long it is played (duration) and how hard it was played (velocity). If you have those three things for every note, you're good to go.\r<br />\n<br />\nImportant to note is that  Midi works with note-on and note-off messages. So you have to transform the duration of a note into a note-off event at the correct time interval.\r<br />\n<br />\nFor each note you can create a Message object (CannedBytes.Midi.Message namespace) with the correct values. Note that you can also create MetaEvent for Midi files that contain extra information on the file content.\r<br />\n<br />\nEach entry into the midi file is represented by a MidiFileEvent class. That class couples a (I)MidiMessage to a time indication. Make sure you set the DeltaTime for each event. The delta time is the time THIS event occurs after the previous event. A delta time of 0 (zero) means the events take place at the exact same time. How much time each increment of delta time actually represents is dependent on the TimeDevision value used in the MidiHeader.\r<br />\n<br />\nFor more info on standard Midi files see: <a href=\"http://home.roadrunner.com/~jgglatt/tech/midifile.htm\" rel=\"nofollow\">http://home.roadrunner.com/~jgglatt/tech/midifile.htm</a>\r<br />\n<br />\nA lot of the code in the RecordToFile sample can be reused, I suspect.\r<br />\n<br />\nHope it helps,\r<br />\nMarc<br />\n",
    "PostedDate": "2013-07-08T22:29:31.647-07:00",
    "UserRole": null,
    "MarkedAsAnswerDate": null
  }
]