[
  {
    "Id": "1112310",
    "ThreadId": "463626",
    "Html": "ello\r<br />\nI try downlaod source with examples, and i cant\r<br />\n<br />\nWe’re sorry, but an error has occurred. The error has been logged for review by our team.\r<br />\n<br />\nMost likely this was an intermittent issue, please try your task again. If you would like to contact us regarding this error, then you can use our contact us form.\r<br />\n<br />\nError Reference #7cc81634-5127-4059-8cb0-2488f5e76bf0\r<br />\n<br />\n<br />\nPlease can check whatsup or upload code in some place where can be downloaded?\r<br />\n<br />\nThankyou!<br />\n",
    "PostedDate": "2013-10-25T19:52:49.647-07:00",
    "UserRole": null,
    "MarkedAsAnswerDate": null
  },
  {
    "Id": "1112325",
    "ThreadId": "463626",
    "Html": "Hi Grobiliz,\r<br />\n<br />\nThe Codeplex site had some issues in the last couple of days. The error you got indicated something wrong with the site.\r<br />\n<br />\nI've tried the download, it seem to work now.\r<br />\n<br />\nTry again, please.<br />\n",
    "PostedDate": "2013-10-25T22:58:42.13-07:00",
    "UserRole": null,
    "MarkedAsAnswerDate": null
  }
]