[
  {
    "Id": "1060699",
    "ThreadId": "448117",
    "Html": "I am attempting to use your SysExUtil sample to transmit a SysEx file to a device to edit its patch settings. Shorter messages seem to work well (a 6 byte &quot;device connected&quot; message returns the correct message and so does a 10 byte &quot;fetch patch&quot; message). However, I cannot get a longer message to behave properly (send a 650 byte &quot;patch edit&quot; message with no response on the device). I confirmed that sending the same 650 byte SysEx file through another tool (MIDI-OX) works fine. Please let me know if you see a problem with a 650 byte message right away or if you need more information. Thank you\r<br />\n-Sal<br />\n",
    "PostedDate": "2013-06-24T22:47:46.597-07:00",
    "UserRole": null,
    "MarkedAsAnswerDate": null
  },
  {
    "Id": "1060709",
    "ThreadId": "448117",
    "Html": "You could install a virtual Midi port (like LoopBE1) and use that to route the outgoing midi sysex data to MidiOx.\r<br />\nSysExUtil -&gt; LoopBE1 -&gt; MidiOx\r<br />\n<br />\nThat way you can see if the output is correct or not.\r<br />\n<br />\nIt would also help to see the SysEx you are trying to send. <br />\n",
    "PostedDate": "2013-06-24T23:25:17.74-07:00",
    "UserRole": null,
    "MarkedAsAnswerDate": null
  },
  {
    "Id": "1060727",
    "ThreadId": "448117",
    "Html": "I made a setup as suggested and the output seems to be correct. An interesting thing happened though as I &quot;opened&quot; MIDI-OX's output port to the device, on the MIDI-OX monitor it read &quot;Opened MIDI output&quot;. I then went to SysExUtil and sent the SysEx file as normal (both in and out on SysExUtil are configured to go straight to the device) and then it worked and the device responded. However, once I closed that port on MIDI-OX, the problem resumed and the device would not respond.\r<br />\n<br />\nHere is the SysEx file I am attempting to send.\r<br />\n-Sal<img src=\"http://i891.photobucket.com/albums/ac112/thesalman1/ScreenShot2013-06-25at122014AM.png\" alt=\"Image\" /><br />\n",
    "PostedDate": "2013-06-25T00:25:05.407-07:00",
    "UserRole": null,
    "MarkedAsAnswerDate": null
  },
  {
    "Id": "1061007",
    "ThreadId": "448117",
    "Html": "That is very odd -about having MidiOx opening the midi port. It sounds like you have a multi-client midi driver - or the first one to open the port would block other applications from opening it.\r<br />\n<br />\nThe data looks ok. It is one continues sysex message (F0 -&gt; start and F7 is end of sysex), Sometimes devices use several sysex messages and that might sometimes cause problems when the next message comes too fast and the device is still busy processing the first block.\r<br />\n<br />\nI also thought that perhaps the buffers were too small but the SysExUtil uses 1k buffers, ten of them.\r<br />\n<br />\nDo you have any other midi ports available? Perhaps try those?\r<br />\nWould you be willing to try the test with the LoopBE1 virtual Midi driver? <br />\n",
    "PostedDate": "2013-06-25T10:08:11.42-07:00",
    "UserRole": null,
    "MarkedAsAnswerDate": null
  },
  {
    "Id": "1061032",
    "ThreadId": "448117",
    "Html": "Ahhahh I found out what was happening. I thought it strange that MIDI-OX was able to open the port when SysExUtil already had it open, but I found that in the last line in the try  finally statement in the PlayCommandHandler the port is being closed every time the Play button is pressed:<br />\n<pre><code>            try\n            {\n                this.appData.SysExSender.SendAll(this.appData.SelectedContentItems);\n            }\n            finally\n            {\n                this.appData.SysExSender.Close();\n            }</code></pre>\n\nI just commented out that close and then it started working. Please let me know if it okay leaving it like this or if there is anything else.\r<br />\n<br />\nThank you,\r<br />\n-Sal<br />\n",
    "PostedDate": "2013-06-25T11:03:54.093-07:00",
    "UserRole": null,
    "MarkedAsAnswerDate": null
  },
  {
    "Id": "1061071",
    "ThreadId": "448117",
    "Html": "Nice Catch! Thanx.\r<br />\n<br />\nI will try to implement that differently.\r<br />\n<br />\nThere may be problem with just commenting it out. The port will not be closed and will be (re)opened when sending the next command...<br />\n",
    "PostedDate": "2013-06-25T12:31:58.603-07:00",
    "UserRole": null,
    "MarkedAsAnswerDate": null
  },
  {
    "Id": "1063946",
    "ThreadId": "448117",
    "Html": "Hi Sal,\r<br />\n<br />\nI have checked in some new code. Wasn't able to test it yet but I think it should be ok. Can you give it a try?\r<br />\n<br />\nThanx,\r<br />\nMarc<br />\n",
    "PostedDate": "2013-07-03T00:40:20.017-07:00",
    "UserRole": null,
    "MarkedAsAnswerDate": null
  },
  {
    "Id": "1077521",
    "ThreadId": "448117",
    "Html": "Hi Marc,\r<br />\nI tried the code and it works good thank you.\r<br />\n<br />\nIm attempting to send out up to 200 MIDI messages in a row, each one excepting a return message. I believe the issue I'm having is sending such a large amount in a row out causes the send port to stop sending messages erroneously. Its as if it gets jammed for some reason that I do not know of. One solution I tried was increasing the number of initialized buffers:\r<br />\n<br />\nthis.outPort.BufferManager.Initialize(200, 1024);\r<br />\n<br />\nWhich did not fix the problem. Any help will greatly appreciated.\r<br />\n<br />\nThanks,\r<br />\nSal<br />\n",
    "PostedDate": "2013-08-06T20:10:45.11-07:00",
    "UserRole": null,
    "MarkedAsAnswerDate": null
  },
  {
    "Id": "1077785",
    "ThreadId": "448117",
    "Html": "I suspect that the device you are sending it to is overwhelmed..? You could try increasing the time you wait between sending sys-ex messages. That device needs time to process the incoming messages.\r<br />\n<br />\nI would really suggest with this sort of problems to dump all the output into MIDI OX via a virtual Midi port (like LoopBE1). That way you can first identify if your code (or mine ;-) works correct and then send it to a real device.\r<br />\n<br />\nThe number of buffets does not need to be 200. It needs to be the number of buffers that are in use at the same time. 10 is usually fine. Do make sure that the length is appropriate for the max-length of the messages you are trying to send (max 64k). 1k sysex messages are typically considered large. Usually its no more than a couple of hundred bytes.\r<br />\n<br />\nWhen you call the BufferManager.RetrieveBuffer() and it returns null, it means you have run out of buffers (all buffers are in use) - that is the time that you increase the number of buffers you allocate.\r<br />\n<br />\nCould post some of your code on how exactly your sending the sys-ex messages? That way I might be able to give more specific feedback.\r<br />\nHope it helps.<br />\n",
    "PostedDate": "2013-08-07T08:13:25.107-07:00",
    "UserRole": null,
    "MarkedAsAnswerDate": null
  },
  {
    "Id": "1078402",
    "ThreadId": "448117",
    "Html": "Hello Marc,<br />\nI verified using LoopBE1 that the output from the code is working correctly. I also implemented the same approach in a Mac app ive been working on using CoreMIDI and it works good, the device does not get overloaded. The approach im using is to send a sysex message, and not until i receive the return message do i send the next one, and go up to 200. I used this exact method using CoreMIDI in the mac app, and it was able to fetch all 200.<br />\n<br />\nHere is the code. I modified your SysexUtil program to perform this approach. First when I press the play button I execute the sequence of the 200 messages using FetchAll<br />\n<pre><code>protected override void Execute(object sender, ExecutedRoutedEventArgs e)\n        {\n            var portId = this.appData.MidiOutPorts.IndexOf(this.appData.SelectedMidiOutPort);\n            //new\n            if (_currentPortId != portId)\n            {\n                this.appData.SysExSender.Close();\n                this.appData.SysExSender.Open(portId);\n                _currentPortId = portId;\n            }\n\n            //this.appData.SysExSender.SendAll(this.appData.SelectedContentItems);\n            _pc.FetchAll();\n            base.Execute(sender, e);\n        }</code></pre>\n\nIn FetchAll, this is where i setup up the event for when to send the next message as well as start by sending the first message:<br />\n<pre><code>public void FetchAll()\n        {\n            this.onFetchFinished += new FetchHandler(FetchNext);\n            Fetch(new object[] { (byte)0x00, (byte)0x00 });\n        }</code></pre>\n\nAll Fetch does is arrange the message appropriately and sends it out using your SysEX sender:<br />\n<pre><code>public void Fetch(object o)\n        {\n            // SEND Fetch message\n            try\n            {\n                object[] os = (object[])o;\n                byte banknumber = (byte)os[0];\n                byte location = (byte)os[1];\n\n                byte[] fetchMessage = new byte[10];\n                fetchMessage = new byte[] { 0xF0, 0x00, 0x01, 0x55, 0x12, 0x01, 0x63, banknumber, location, 0xF7 };\n\n                MidiSysExBuffer buffer = new MidiSysExBuffer(1024);\n                buffer.Stream.Write(fetchMessage, 0, fetchMessage.Length);\n                this.appData.SysExSender.Send(buffer);\n            }\n            catch (Exception ex)\n            {\n                Console.WriteLine(&quot;Fetch command catch: &quot;+ex.Message);\n            }\n        }</code></pre>\n\nand Fetch Next just calls fetch but increments accordingly:<br />\n<pre><code>void FetchNext(object myObject, FetchEventArgs myArgs)\n{\n            try\n            {\n               if(Global_location &lt; 200)\n               {\n                    Global_location++;\n                    string hexloc = Global_location.ToString(&quot;X&quot;);\n                    byte byteloc = Convert.ToByte(hexloc, 16);\n                    string hexbank = Global_bankNumber.ToString(&quot;X&quot;);\n                    byte bytebank = Convert.ToByte(hexbank, 16);\n   \n                    Fetch(new object[] { (byte)bytebank, (byte)byteloc });\n                  }\n                else\n                {\n                   Global_bankNumber = 0;\n                   Global_location = 0;\n                 }\n            }\n           catch (Exception ex)\n            {\n                Console.WriteLine(&quot;Fetch next catch: &quot;+ex.Message);\n            }\n}</code></pre>\n\nWhen I receive the data:<br />\n<pre><code> public void LongData(MidiBufferStream buffer, long timestamp)\n        {\n            Trace.WriteLine(&quot;Receiving buffer: &quot; + buffer.BytesRecorded);\n\n            var sysExBuffer = MidiSysExBuffer.From(buffer);\n\n            ScheduleAddBuffer(sysExBuffer);\n            PedalClass.HandleDataReceived(sysExBuffer); \n        }</code></pre>\n\nI send the received buffer to a custom method that handles determining if it was received correctly and triggers the onFetchFinished event that allows to send the next message in FetchNext:<br />\n<pre><code>public static void HandleDataReceived(MidiSysExBuffer buffer)\n        {\n            switch (buffer.Stream.Length)\n            {\n                case 650: // fetch preset back\n                    {\n                        try\n                        {\n                            byte[] receivedBytes = new byte[650];\n                            buffer.Stream.Read(receivedBytes, 0, 650);\n\n                            byte[] nameBytes = new byte[16];\n                            nameBytes = receivedBytes.ToList().GetRange(632, 16).ToArray();\n                            string name = System.Text.ASCIIEncoding.UTF8.GetString(nameBytes);\n                            name = name.Trim();\n\n                            Preset preset = new Preset(0, -1, 0, name, &quot;test&quot; + name + &quot;.syx&quot;, &quot;test&quot;, &quot;test&quot;);\n                            FetchEventArgs args = new FetchEventArgs(preset);\n                            staticThis.onFetchFinished(staticThis, args); \n                        }\n                        catch (Exception ex)\n                        {\n                            Console.WriteLine(&quot;Fetch back catch: &quot; + ex.Message);\n                        }\n                        break;\n                    }\n                default:\n                    {\n                        Console.WriteLine(&quot;DEFAULT HIT&quot;);\n                        break;\n                    }\n            }\n        }</code></pre>\n\nSo the problem I'm having is the messages stop sending  before they should be finished. Please let me know any issues you might see on how I send or receive or use your program.<br />\n<br />\nThank you,<br />\nSal<br />\n",
    "PostedDate": "2013-08-08T12:37:52.627-07:00",
    "UserRole": null,
    "MarkedAsAnswerDate": null
  },
  {
    "Id": "1078552",
    "ThreadId": "448117",
    "Html": "I cannot see anything wrong with your code. \r<br />\n<br />\nHow did you check with LoopBE1 that the code worked fine? I mean you'd have to send 200 messages back in that test. Or did you change your code so no messages needed to be sent?\r<br />\n<br />\nCould you place some Trace.WriteLine statements in you code so you get one line for sending a message (with bank and location) and one line for receiving a message. Then run it a couple of times and see if it always fails at the same point in the sequence?\r<br />\n<br />\nWhat device is it, by the way?<br />\n",
    "PostedDate": "2013-08-08T22:26:40.703-07:00",
    "UserRole": null,
    "MarkedAsAnswerDate": null
  },
  {
    "Id": "1083892",
    "ThreadId": "448117",
    "Html": "Hello,\r<br />\nI tried to cut down to the bare minimum and took your original SysexUtil program, and in the Play command replaced this code in execute:<br />\n<pre><code>this.appData.SysExSender.SendAll(this.appData.SelectedContentItems;\n</code></pre>\n\nwith<br />\n<pre><code>for (int i = 0; i &lt; 200; i++)\n            {\n                this.appData.SysExSender.SendAll(this.appData.SelectedContentItems);\n                Console.WriteLine(&quot;Send&quot;+i.ToString());\n            }</code></pre>\n\nthen in the receive I just added this to see how many are receiving:<br />\n<pre><code>public void LongData(MidiBufferStream buffer, long timestamp)\n        {\n            Trace.WriteLine(&quot;Receiving buffer: &quot; + buffer.BytesRecorded);\n\n            var sysExBuffer = MidiSysExBuffer.From(buffer);\n\n            ScheduleAddBuffer(sysExBuffer);\n            Console.WriteLine(&quot;receivng:&quot;+count.ToString());\n            count++;\n        }</code></pre>\n\nthen in the program, I just select a fetch message (so we are just fetching the same data over and over 200 times) and I see the console is showing that we are sending 200, but not until that sending is finished do I receive a consistent 27 messages back at the end, when there should be 200 received back. \r<br />\n<br />\nIt would make sense that right when I send something I should see something received relatively close to the time I sent it, but in my case I do not receive anything until the end.\r<br />\nThank you,\r<br />\nSal<br />\n",
    "PostedDate": "2013-08-22T18:40:42.917-07:00",
    "UserRole": null,
    "MarkedAsAnswerDate": null
  },
  {
    "Id": "1083976",
    "ThreadId": "448117",
    "Html": "Question is now: does the device send its responses - or do they get lost and if so - does the Midi driver lose them or is it our software (MIDI.NET)?\r<br />\n<br />\nCan you route the input to MIDI OX for instance. That way you can check if the device is actually sending its responses. If so - could you insert a Thread.Sleep of like half a second to make sure the Midi input has enough time to process and copy the message...?\r<br />\n<br />\nYou could also try installing a new(er) Midi Driver for the port/interface you're using...?\r<br />\n<br />\nWe'll get there...<br />\n",
    "PostedDate": "2013-08-22T23:26:40.1-07:00",
    "UserRole": null,
    "MarkedAsAnswerDate": null
  }
]