[
  {
    "Id": "1154743",
    "ThreadId": "486996",
    "Html": "Let's say I want to make an arpeggiator, just for example, is Midi.net the way to go or should I check out VST.NET?\r<br />\n<br />\nAlso, I code in Visual Studio C#.net, does anyone have any other advice, maybe other SDK/libs?\r<br />\n<br />\nSorry for stupid question but it actually said stupid questions were allowed........ ;)\r<br />\n<br />\nThx for helping.<br />\n",
    "PostedDate": "2014-01-11T11:21:42.13-08:00",
    "UserRole": null,
    "MarkedAsAnswerDate": null
  },
  {
    "Id": "1156752",
    "ThreadId": "486996",
    "Html": "Its not a stupid question. ;-)\r<br />\n<br />\nIf you plan on making VST plugins you should not have to worry about routing midi or audio between (other) plugins - that is a task of the host (DAW - Cubase, Reaper, Logic, etc). \r<br />\n<br />\nSo if that is your goal use VST.NET to make the midi arpeggiator - check out the samples in the code tab - or download the VS PRoject templates for an easy start. For Midi handling <em>inside</em> the plugin you can use parts of MIDI.NET to help you out. MIDI.NET has a pooled note factory that serves structured class instances for each type of midi message and some helpers to help with dealing with raw midi bytes that might be useful.\r<br />\n<br />\nAlso check out the C# MIDI Toolkit by Leslie Sanford on codeproject.com - that may be suitable as well.\r<br />\n<br />\nHope it helps.\r<br />\nMarc<br />\n",
    "PostedDate": "2014-01-12T00:27:39.2-08:00",
    "UserRole": null,
    "MarkedAsAnswerDate": null
  }
]