[
  {
    "Id": "1398842",
    "ThreadId": "616314",
    "Html": "Context:\r<br />\nI'm writing a win32 form based app that receives commands from my old Neve mixer board faders through a microcontroler I programmed that talks to the PC through an USB serial connexion. The Win32 app will translate these commands to control softwares like Cubase and RME TotalMix using midi data. \r<br />\n<br />\nProblem: \r<br />\nI have everything in MIDI.NET working, exept that I can't find a way to raise an event (send a Window's message) to my C# form to tell it that a sysex or short data has arrived. The delegate event handler mecanism works fine, exept when I call it from the LongData() and ShortData(). I guess it's because they are interrupt unmanaged pieces of code. \r<br />\n<br />\nAdditional note: \r<br />\nSince I'm quite new in C# and dotnet (I'm an old DOS C, C++ and ASM programmer), I found the following simple way to transfer sysex buffers to my app (a shared byte array &quot;pointer&quot;). Maybe you use another way to transfer the sysexs to the app, but I could not understand by looking at your samples. Here is my code:\r<br />\n<br />\npublic void LongData(MidiBufferStream buffer, long timestamp) {<br />\n<pre><code>    LDInCount++;\n    pos=0;\n\n\n\n    while (b != 0xF7) {\n        b = buffer.ReadByte();\n        buf[pos++] = (byte)b;    // byte buf[300] is a public  member of my instance of IMidiDataReceiver. 300 is enough for this app. \n    }\n     BufReady = true;\n    OnMidiInEvent(this, MidiEventLongData); // this does not work in lonData()\n}</code></pre>\n\n",
    "PostedDate": "2015-04-01T22:15:36.297-07:00",
    "UserRole": null,
    "MarkedAsAnswerDate": null
  },
  {
    "Id": "1398989",
    "ThreadId": "616314",
    "Html": "What does not work on raising the Event? What code is in OnMidiInEvent?\r<br />\n<br />\nAlso note that the LongData method is called on a separate thread. You could try to add the <a href=\"https://midinet.codeplex.com/SourceControl/latest#Source/Code/CannedBytes.Midi.Components/MidiReceiverAsync.cs\" rel=\"nofollow\">https://midinet.codeplex.com/SourceControl/latest#Source/Code/CannedBytes.Midi.Components/MidiReceiverAsync.cs</a> in the chain and then have a seperate loop that polls the arival of Midi In messages...<br />\n",
    "PostedDate": "2015-04-02T05:54:36.74-07:00",
    "UserRole": null,
    "MarkedAsAnswerDate": null
  }
]