[
  {
    "Id": "1462284",
    "ThreadId": "650992",
    "Html": "I am using the MidiData object to construct the note value, but how would I add more than one &quot;Parameter1&quot; value to create a chord? I want to create 3 note chords and 4 note chords programmatically.<br />\n",
    "PostedDate": "2016-02-06T20:40:05.21-08:00",
    "UserRole": null,
    "MarkedAsAnswerDate": null
  },
  {
    "Id": "1464058",
    "ThreadId": "650992",
    "Html": "Each note in the chord is a separate object all with (almost) the same delta time (and channel usually). Each object can be represented by a MidiData instance (or a MidiChannelMessage).<br />\n",
    "PostedDate": "2016-02-23T01:44:04.897-08:00",
    "UserRole": null,
    "MarkedAsAnswerDate": null
  }
]