[
  {
    "Id": "1394305",
    "ThreadId": "612233",
    "Html": "Hi, \r<br />\nFirst, thanks for this great work! \r<br />\n<br />\nI downloaded MIDI.NET. I succeded opening ports, sending and receiving short messages, but when I needed some example to play with SysEx, I realized the sample folder is empty. I tried to re-download and unzip.: same emptyness. \r<br />\n<br />\nThanks for this great library. <br />\n",
    "PostedDate": "2015-03-24T22:30:58.24-07:00",
    "UserRole": null,
    "MarkedAsAnswerDate": null
  },
  {
    "Id": "1394874",
    "ThreadId": "612233",
    "Html": "No binaries for the samples are released.\r<br />\nRefer to the source code (source code tab):\r<br />\n<a href=\"https://midinet.codeplex.com/SourceControl/latest#Source/Samples/CannedBytes.Midi.SysExUtil/CannedBytes.Midi.SysExUtil.sln\" rel=\"nofollow\">https://midinet.codeplex.com/SourceControl/latest#Source/Samples/CannedBytes.Midi.SysExUtil/CannedBytes.Midi.SysExUtil.sln</a>\r<br />\n<br />\nDownload the source and build locally.\r<br />\n<br />\nHope it helps,\r<br />\nMarc<br />\n",
    "PostedDate": "2015-03-25T01:57:22.64-07:00",
    "UserRole": null,
    "MarkedAsAnswerDate": null
  },
  {
    "Id": "1397958",
    "ThreadId": "612233",
    "Html": "Thanks a lot. Again: Great lib! \r<br />\nSorry for the CodePlex  newbie question. \r<br />\nI got my sysex traveling now. \r<br />\nThanks. <br />\n",
    "PostedDate": "2015-03-25T18:24:58.213-07:00",
    "UserRole": null,
    "MarkedAsAnswerDate": null
  }
]