[
  {
    "Id": "1074328",
    "ThreadId": "451754",
    "Html": "Hi.\r<br />\n<br />\nIs it possible to use the library to send MIDI TimeCode to a MIDI device?\r<br />\nAnd if yes is there an example?\r<br />\n<br />\nThanks.<br />\n",
    "PostedDate": "2013-07-29T07:55:23.91-07:00",
    "UserRole": null,
    "MarkedAsAnswerDate": null
  },
  {
    "Id": "1074364",
    "ThreadId": "451754",
    "Html": "From the top of my head, MTC is a sysex based protocol. That means you simply create the MTC message data in the MidiBufferStream and use anopen MidiPort to send it. Refer to the SysExUtil sample for more info on how to work with SysEx.\r<br />\n<br />\nHope it helps.<br />\n",
    "PostedDate": "2013-07-29T09:30:58.33-07:00",
    "UserRole": null,
    "MarkedAsAnswerDate": null
  }
]