[
  {
    "Id": "967490",
    "ThreadId": "415236",
    "Html": "\r\n<p>I downloaded the code today, built the library, and then the samples. At first I was worried about the missing references, but then I sorta followed the build instructions at the sister-project VST.NET and figured it out. Looks good so far.</p>\r\n<p>The Midi Mapper worked without a hitch. The Midi file player would not play 'mamatold.mid' which I think came with Windows xp.</p>\r\n<p>Jake</p>\r\n",
    "PostedDate": "2012-12-22T15:57:23.167-08:00",
    "UserRole": null,
    "MarkedAsAnswerDate": null
  },
  {
    "Id": "967542",
    "ThreadId": "415236",
    "Html": "\r\n<p>Hi Jake,</p>\r\n<p>Thanks for the kind words.&nbsp;</p>\r\n<p>Yep, the missing files work the same as with VST.NET. They are my private files I will sign an official release with (.snk). That way it is always clear what dll was an official release or if it was build by someone else. This is important for the license:\r\n you may use the (official) binaries for free but have to share (open source) your&nbsp;customization&nbsp;on the source code.</p>\r\n<p>Would you be so kind to send me that midi file (obiwanjacobi at hotmail dot com)? I can not find it on my system.</p>\r\n<p>Thanx for letting me know.<br>\r\nMarc&nbsp;</p>\r\n<p>&nbsp;</p>\r\n<p>&nbsp;</p>\r\n",
    "PostedDate": "2012-12-23T01:19:50.25-08:00",
    "UserRole": null,
    "MarkedAsAnswerDate": null
  },
  {
    "Id": "967688",
    "ThreadId": "415236",
    "Html": "\r\n<p>There are 2 'strange' tracks on the end of the file. The both contain an invalid controller (60). That is why the software threw an exception.</p>\r\n<p>I have changed the MidiFilePlayer sample to capture exceptions per track and report them, but just continue loading other tracks that might not be a problem.</p>\r\n<p>I believe the file now plays correctly with the new code.</p>\r\n<p>Hope it helps.<br>\r\nMarc&nbsp;</p>\r\n",
    "PostedDate": "2012-12-23T12:33:10.493-08:00",
    "UserRole": null,
    "MarkedAsAnswerDate": null
  }
]