{
  "WorkItem": {
    "AffectedComponent": {
      "Name": "Midi.Components",
      "DisplayName": "Midi.Components"
    },
    "ClosedComment": "",
    "ClosedDate": "2014-10-04T00:02:38.37-07:00",
    "CommentCount": 0,
    "Custom": null,
    "Description": "In file MidiMetaTextMessage there is a property for 'Text' which only supports 'get'. Here is the suggested mod to also support 'set'.\n```\n        public string Text\n        {\n            get { return Encoding.UTF7.GetString(GetData()); }\n            set { SetData(Encoding.UTF7.GetBytes(value)); }             // eejake52\n        }\n\n```\nWorks fine on my local copy.\n\nJake",
    "LastUpdatedDate": "2017-11-30T11:23:29.22-08:00",
    "PlannedForRelease": "",
    "ReleaseVisibleToPublic": false,
    "Priority": {
      "Name": "Low",
      "Severity": 50,
      "Id": 1
    },
    "ProjectName": "midinet",
    "ReportedDate": "2014-09-17T15:03:13.363-07:00",
    "Status": {
      "Name": "Closed",
      "Id": 4
    },
    "ReasonClosed": {
      "Name": "Unassigned"
    },
    "Summary": "MidiMetaTextMessage - no set for text",
    "Type": {
      "Name": "Issue",
      "Id": 3
    },
    "VoteCount": 1,
    "Id": 35554
  },
  "FileAttachments": [],
  "Comments": [
    {
      "Message": "Thanx! Not sure why I didn't think of that! :-)",
      "PostedDate": "2014-09-17T23:18:40.673-07:00",
      "Id": -2147483648
    },
    {
      "Message": "Resolved with changeset 106781: Added a ctor for MidiMetaTextMessage that takes text.\nAlso added more checking.",
      "PostedDate": "2014-10-04T00:02:38.37-07:00",
      "Id": -2147483648
    },
    {
      "Message": "",
      "PostedDate": "2017-11-30T11:23:29.22-08:00",
      "Id": -2147483648
    }
  ]
}