{
  "WorkItem": {
    "AffectedComponent": {
      "Name": "",
      "DisplayName": ""
    },
    "ClosedComment": "",
    "ClosedDate": null,
    "CommentCount": 0,
    "Custom": null,
    "Description": "Hi, \nFirst, thanks for this great work! \n\nI downloaded MIDI.NET. I succeded opening ports, sending and receiving short messages, but when I needed some example to play with SysEx, I realized the sample folder is empty. I tried to re-download and unzip.: same emptyness. \n\nThanks for this great library.",
    "LastUpdatedDate": "2015-03-25T18:26:28.51-07:00",
    "PlannedForRelease": "",
    "ReleaseVisibleToPublic": false,
    "Priority": {
      "Name": "Unassigned",
      "Severity": 0,
      "Id": 0
    },
    "ProjectName": "midinet",
    "ReportedDate": "2015-03-24T22:34:54.8-07:00",
    "Status": {
      "Name": "Proposed",
      "Id": 1
    },
    "ReasonClosed": {
      "Name": "Unassigned"
    },
    "Summary": "Samples folder is empty in .zip",
    "Type": {
      "Name": "Unassigned",
      "Id": 5
    },
    "VoteCount": 1,
    "Id": 35907
  },
  "FileAttachments": [],
  "Comments": [
    {
      "Message": "Ok, I got it, samples are in the \"source code\" section. \r\n\r\nThanks a lot. Again: Great lib! \nSorry for the CodePlex  newbie question. \nI got my sysex traveling now. \nThanks. ",
      "PostedDate": "2015-03-25T18:26:28.51-07:00",
      "Id": -2147483648
    }
  ]
}