{
  "WorkItem": {
    "AffectedComponent": {
      "Name": "",
      "DisplayName": ""
    },
    "ClosedComment": "",
    "ClosedDate": "2015-01-08T05:20:40.653-08:00",
    "CommentCount": 0,
    "Custom": null,
    "Description": "I downloaded the latest MIDI.NET zip file (midinet-106781.zip), unzipped it, followed the build instructions here:\n\n[link to docs](https://midinet.codeplex.com/wikipage?title=Build%20Source%20Code&referringTitle=Documentation)\n\nI attach a screenshot of the VS error window:\n\nAny ideas what I am doing wrong?",
    "LastUpdatedDate": "2015-01-08T08:39:54.19-08:00",
    "PlannedForRelease": "",
    "ReleaseVisibleToPublic": false,
    "Priority": {
      "Name": "Unassigned",
      "Severity": 0,
      "Id": 0
    },
    "ProjectName": "midinet",
    "ReportedDate": "2015-01-07T16:37:08.25-08:00",
    "Status": {
      "Name": "Closed",
      "Id": 4
    },
    "ReasonClosed": {
      "Name": "Fixed"
    },
    "Summary": "Can't build with VS Premium 2013, Windows 8.1",
    "Type": {
      "Name": "Unassigned",
      "Id": 5
    },
    "VoteCount": 1,
    "Id": 35785
  },
  "FileAttachments": [
    {
      "FileId": 14092,
      "FileName": "Capture.PNG",
      "DownloadUrl": ".\\14092"
    }
  ],
  "Comments": [
    {
      "Message": "Open the project files and remove the \"AssemblyInfo.General.cs\" file references. Make sure you have all the CannedBytes (non-midi) dependent assemblies and try again.\r\n\r\nAnd please don't make issues for this kind of stuff, instead start a discussion thread. If we run into a real bug, then we make an Issue.\r\n\r\nThanx,\nMarc",
      "PostedDate": "2015-01-08T01:01:32.467-08:00",
      "Id": -2147483648
    },
    {
      "Message": "Hi,\r\n\r\nmany thanks for the quick response and help in dealing with my problem. I thought at first I had been a complete dunce for not reading your documentation properly; moreover, in my ignorance, I had committed an etiquette violation by raising an issue.\r\n\r\nTurns out, though, I don't feel so bad; having looked at the documentation again, it doesn't say, as you do above:\r\n\r\n\"Open the project files and remove the \"AssemblyInfo.General.cs\" file references. \"\r\n\r\nit says (and I quote from the link I gave in my issue report):\r\n\r\n\"Visit each project and remove the AssemblyInfo.General.cs files from each projects Properties folder.\"\r\n\r\nWhen I read that I didn't think of the .csproj files at all, since it seems a bit grubby to be editing .csproj files, and the previous instruction had been to open VS (which locks all the project files). I was looking for real .cs files in non-existing property directories!\r\n\r\nAnyway, your response above is much clearer, and totally solved my problem. It might be even better to explicitly mention the .csproj file names in your docs and to re-order the build steps so that the XML hacking is done before opening VS on the MIDI.NET solution. \r\n\r\nI had successfully disabled signing as per the docs. I now have the samples built and running.\r\n\r\nI look forward to working with your code.\r\n\r\nRegards,\r\n\r\nGeorge.",
      "PostedDate": "2015-01-08T04:43:01.453-08:00",
      "Id": -2147483648
    },
    {
      "Message": "I am sorry for the misunderstanding but no project file xml hacking is required. It IS as simple as stated in the instruction. You open the solution and visit each project and remove the file (reference) from the Properties folder (the first special folder under the Project).\r\n\r\nAlso: for the samples to build you only need the MIDI.NET binaries which can be downloaded from the Download page and put them in the _SharedAssemblies folder...\r\n\r\nThe only reason to build MIDI.NET itself is to make extensions or try-out bug fixes...\nI will close this issue, since you've got it working.",
      "PostedDate": "2015-01-08T05:20:24.023-08:00",
      "Id": -2147483648
    },
    {
      "Message": "",
      "PostedDate": "2015-01-08T05:20:40.653-08:00",
      "Id": -2147483648
    },
    {
      "Message": "My bad. In my defense I've been working in F# for over a year, which does not use property folders in the solution templates I have been using. It's just a term/feature I didn't know. I'm sorry for thinking you required project file editing.\r\n\r\nThanks for your help, I appreciate being able to build the project as well as using it as a library. I'll now pretend this didn't happen.",
      "PostedDate": "2015-01-08T08:39:54.19-08:00",
      "Id": -2147483648
    }
  ]
}