{
  "WorkItem": {
    "AffectedComponent": {
      "Name": "",
      "DisplayName": ""
    },
    "ClosedComment": "",
    "ClosedDate": "2013-01-26T23:43:58.363-08:00",
    "CommentCount": 0,
    "Custom": null,
    "Description": "MidiFileStreamReader cannot read unusual control change, because MidiControllerMessage throws Exception when the control number is not defined in MidiControllerType.\n\nEven if a control number is not defined by General MIDI or like, it is legal as a MIDI message. I wanted to read a MIDI file which contains unusual control change (the control change is used by a game-engine, to specify loop-point of the song), and has written the following patch.\n\n```\n--- Code/CannedBytes.Midi.Message/MidiControllerMessage.cs\t2013-01-05 05:47:04.359060700 +0900\n+++ Code/CannedBytes.Midi.Message/MidiControllerMessage.cs\t2013-01-26 20:06:30.659296900 +0900\n@@ -24,11 +24,14 @@\n                     \"Cannot construct a MidiControllerMessage instance other than MidiChannelCommand.Controller.\", \"data\");\n             }\n \n-            if (!Enum.IsDefined(typeof(MidiControllerType), (int)Parameter1))\n-            {\n-                throw new ArgumentException(\n-                    \"Invalid type of controller specified in data.\", \"data\");\n-            }\n+            // gocha:\n+            // Even if it's not a well-known controller type, it's still a valid midi message.\n+            // I refuse this error check, to accept more MIDI file.\n+            //if (!Enum.IsDefined(typeof(MidiControllerType), (int)Parameter1))\n+            //{\n+            //    throw new ArgumentException(\n+            //        \"Invalid type of controller specified in data.\", \"data\");\n+            //}\n         }\n \n         /// \n\n```",
    "LastUpdatedDate": "2013-05-16T01:00:19.42-07:00",
    "PlannedForRelease": "",
    "ReleaseVisibleToPublic": false,
    "Priority": {
      "Name": "Low",
      "Severity": 50,
      "Id": 1
    },
    "ProjectName": "midinet",
    "ReportedDate": "2013-01-26T22:16:14.177-08:00",
    "Status": {
      "Name": "Closed",
      "Id": 4
    },
    "ReasonClosed": {
      "Name": "Unassigned"
    },
    "Summary": "MidiFileStreamReader cannot read unusual control change",
    "Type": {
      "Name": "Issue",
      "Id": 3
    },
    "VoteCount": 1,
    "Id": 33708
  },
  "FileAttachments": [],
  "Comments": [
    {
      "Message": "Resolved with changeset 101361.",
      "PostedDate": "2013-01-26T23:43:58.363-08:00",
      "Id": -2147483648
    },
    {
      "Message": "",
      "PostedDate": "2013-02-13T18:54:55.96-08:00",
      "Id": -2147483648
    },
    {
      "Message": "",
      "PostedDate": "2013-05-16T01:00:19.42-07:00",
      "Id": -2147483648
    }
  ]
}