[
  {
    "Id": 33707,
    "Title": "MidiFileStreamWriter writes wrong SysEx"
  },
  {
    "Id": 33708,
    "Title": "MidiFileStreamReader cannot read unusual control change"
  },
  {
    "Id": 33874,
    "Title": "MidiNoteName Constructor bug"
  },
  {
    "Id": 34201,
    "Title": "Play Command closes Midi Out Port too soon."
  },
  {
    "Id": 34936,
    "Title": "Implement Device removed notification?"
  },
  {
    "Id": 35513,
    "Title": "Error initializing buffers when built using Visual Studio 2013"
  },
  {
    "Id": 35554,
    "Title": "MidiMetaTextMessage - no set for text"
  },
  {
    "Id": 35785,
    "Title": "Can't build with VS Premium 2013, Windows 8.1"
  },
  {
    "Id": 35907,
    "Title": "Samples folder is empty in .zip"
  }
]