{
  "WorkItem": {
    "AffectedComponent": {
      "Name": "Sample.SysExUtil",
      "DisplayName": "Sample.SysExUtil"
    },
    "ClosedComment": "",
    "ClosedDate": "2013-07-03T00:39:06.51-07:00",
    "CommentCount": 0,
    "Custom": null,
    "Description": "With long SysEx messages the message may still be transmitting (async) when the call to Close comes.\n\n```\n            var portId = this.appData.MidiOutPorts.IndexOf(this.appData.SelectedMidiOutPort);\n            this.appData.SysExSender.Open(portId);\n\n            try\n            {\n                this.appData.SysExSender.SendAll(this.appData.SelectedContentItems);\n            }\n            finally\n            {\n                __this.appData.SysExSender.Close();__\n            } \n```",
    "LastUpdatedDate": "2017-11-30T11:23:28.39-08:00",
    "PlannedForRelease": "",
    "ReleaseVisibleToPublic": false,
    "Priority": {
      "Name": "Low",
      "Severity": 50,
      "Id": 1
    },
    "ProjectName": "midinet",
    "ReportedDate": "2013-06-25T12:37:13.807-07:00",
    "Status": {
      "Name": "Closed",
      "Id": 4
    },
    "ReasonClosed": {
      "Name": "Unassigned"
    },
    "Summary": "Play Command closes Midi Out Port too soon.",
    "Type": {
      "Name": "Issue",
      "Id": 3
    },
    "VoteCount": 1,
    "Id": 34201
  },
  "FileAttachments": [],
  "Comments": [
    {
      "Message": "Resolved with changeset 103323.",
      "PostedDate": "2013-07-03T00:39:06.51-07:00",
      "Id": -2147483648
    },
    {
      "Message": "",
      "PostedDate": "2017-11-30T11:23:28.39-08:00",
      "Id": -2147483648
    }
  ]
}