{
  "WorkItem": {
    "AffectedComponent": {
      "Name": "",
      "DisplayName": ""
    },
    "ClosedComment": "",
    "ClosedDate": null,
    "CommentCount": 0,
    "Custom": null,
    "Description": "http://www.kvraudio.com/forum/viewtopic.php?f=33&t=401813\n\nDEV_BROADCAST_DEVICEINTERFACE dvbi = \n  {\n  sizeof(dvbi),\n  DBT_DEVTYP_DEVICEINTERFACE\n  };\nhdn = RegisterDeviceNotification(hMainWnd,\n                                 &dvbi,\n                                 DEVICE_NOTIFY_WINDOW_HANDLE |\n                                     DEVICE_NOTIFY_ALL_INTERFACE_CLASSES);",
    "LastUpdatedDate": "2017-11-30T11:23:28.71-08:00",
    "PlannedForRelease": "",
    "ReleaseVisibleToPublic": false,
    "Priority": {
      "Name": "Medium",
      "Severity": 100,
      "Id": 2
    },
    "ProjectName": "midinet",
    "ReportedDate": "2014-01-27T22:24:53.663-08:00",
    "Status": {
      "Name": "Proposed",
      "Id": 1
    },
    "ReasonClosed": {
      "Name": "Unassigned"
    },
    "Summary": "Implement Device removed notification?",
    "Type": {
      "Name": "Feature",
      "Id": 1
    },
    "VoteCount": 1,
    "Id": 34936
  },
  "FileAttachments": [],
  "Comments": []
}