{
  "WorkItem": {
    "AffectedComponent": {
      "Name": "",
      "DisplayName": ""
    },
    "ClosedComment": "",
    "ClosedDate": "2013-01-27T01:46:27.31-08:00",
    "CommentCount": 0,
    "Custom": null,
    "Description": "MidiFileStreamWriter writes wrong SysEx. It seems to be completely broken.\n\n```\n--- Code/CannedBytes.Midi.IO/MidiFileStreamWriter.cs\t2013-01-26 23:32:57.612790100 +0900\n+++ Code/CannedBytes.Midi.IO/MidiFileStreamWriter.cs\t2013-01-27 08:22:14.736562200 +0900\n@@ -116,11 +116,30 @@\n \n             this.WriteVariableLength((uint)deltaTime);\n \n-            // length of data\n-            this.WriteVariableLength((uint)data.Length);\n+            if (data.Length > 0 && data[0] == 0xF0)\n+            {\n+                // sysex marker\n+                this.writer.Write((byte)0xF0);\n \n-            // meta data\n-            this.writer.Write(data);\n+                // length of data\n+                this.WriteVariableLength((uint)(data.Length - 1));\n+\n+                // meta data\n+                byte[] dataTrimmed = new byte[data.Length - 1];\n+                Array.Copy(data, 1, dataTrimmed, 0, data.Length - 1);\n+                this.writer.Write(dataTrimmed);\n+            }\n+            else\n+            {\n+                // sysex continuation marker\n+                this.writer.Write((byte)0xF7);\n+\n+                // length of data\n+                this.WriteVariableLength((uint)data.Length);\n+\n+                // meta data\n+                this.writer.Write(data);\n+            }\n         }\n \n         /// \n\n```",
    "LastUpdatedDate": "2013-05-16T01:00:19.577-07:00",
    "PlannedForRelease": "",
    "ReleaseVisibleToPublic": false,
    "Priority": {
      "Name": "Low",
      "Severity": 50,
      "Id": 1
    },
    "ProjectName": "midinet",
    "ReportedDate": "2013-01-26T22:05:00.343-08:00",
    "Status": {
      "Name": "Closed",
      "Id": 4
    },
    "ReasonClosed": {
      "Name": "Unassigned"
    },
    "Summary": "MidiFileStreamWriter writes wrong SysEx",
    "Type": {
      "Name": "Issue",
      "Id": 3
    },
    "VoteCount": 1,
    "Id": 33707
  },
  "FileAttachments": [],
  "Comments": [
    {
      "Message": "Resolved with changeset 101365.",
      "PostedDate": "2013-01-27T01:46:27.31-08:00",
      "Id": -2147483648
    },
    {
      "Message": "Have not tested this yet.",
      "PostedDate": "2013-01-27T01:48:26.45-08:00",
      "Id": -2147483648
    },
    {
      "Message": "",
      "PostedDate": "2013-02-13T18:54:56.49-08:00",
      "Id": -2147483648
    },
    {
      "Message": "",
      "PostedDate": "2013-05-16T01:00:19.577-07:00",
      "Id": -2147483648
    }
  ]
}