{
  "WorkItem": {
    "AffectedComponent": {
      "Name": "Midi core",
      "DisplayName": "Midi core"
    },
    "ClosedComment": "",
    "ClosedDate": null,
    "CommentCount": 0,
    "Custom": null,
    "Description": "I was using an older version of the library with no problems, but when I built a new machine and tried to compile and run versus the latest version using Visual Studio 2013 under Windows 8.1 64-bit I get an error when I run the app.\nThe same code built using Visual Studio 2010 under Windows 7 64-bit works fine.\nThe sample CannedBytes.Midi.MidiFilePlayer fails in the same way.\n\nThe problem is with the call to BufferManager.Initialize()\n\nThe native call NativeMethods.midiOutPrepareHeader() returns 11 (MMSYSERR_INVALPARAM). This error code is documented as:\n\"The specified address is invalid or the given stream buffer is greater than 64K.\"\n\nI stepped into the native code, and it looks like (my assembly reading skills are very rusty) the check for the buffer being less than 64K is failing, and it looks to be looking in the wrong place in the stack. This seems to point to a P/Invoke error but I don't see any problem.\n\nHas anyone else successfully compiled and run using Visual Studio 2013, preferably under Windows 8+?\n\nAny ideas what the problem could be?",
    "LastUpdatedDate": "2017-11-30T11:23:28.98-08:00",
    "PlannedForRelease": "",
    "ReleaseVisibleToPublic": false,
    "Priority": {
      "Name": "Unassigned",
      "Severity": 0,
      "Id": 0
    },
    "ProjectName": "midinet",
    "ReportedDate": "2014-08-29T23:08:42.627-07:00",
    "Status": {
      "Name": "Proposed",
      "Id": 1
    },
    "ReasonClosed": {
      "Name": "Unassigned"
    },
    "Summary": "Error initializing buffers when built using Visual Studio 2013",
    "Type": {
      "Name": "Issue",
      "Id": 3
    },
    "VoteCount": 1,
    "Id": 35513
  },
  "FileAttachments": [],
  "Comments": [
    {
      "Message": "Found the problem. And my assembly reading skills got refreshed!\r\n\r\nThe MIDIHDR structure is currently defined in mmsystem.h as:\r\n\r\n```\n/* MIDI data block header */\ntypedef struct midihdr_tag {\n    LPSTR       lpData;               /* pointer to locked data block */\n    DWORD       dwBufferLength;       /* length of data in data block */\n    DWORD       dwBytesRecorded;      /* used for input only */\n    DWORD_PTR   dwUser;               /* for client's use */\n    DWORD       dwFlags;              /* assorted flags (see defines) */\n    struct midihdr_tag far *lpNext;   /* reserved for driver */\n    DWORD_PTR   reserved;             /* reserved for driver */\n#if (WINVER >= 0x0400)\n    DWORD       dwOffset;             /* Callback offset into buffer */\n    DWORD_PTR   dwReserved[8];        /* Reserved for MMSYSTEM */\n#endif\n} MIDIHDR, *PMIDIHDR, NEAR *NPMIDIHDR, FAR *LPMIDIHDR;\r\n\r\n\n```\nNote that dwReserved is 8 elements (32 bytes).\r\n\r\nIn MidiHeader.cs you have ReservedArray as 4 elements (16 bytes).\r\n\r\nMSDN documents it as 4. Found some reference on the web to it having been 4 a *long* time ago.\r\n\r\nFound this link: http://blogs.msdn.com/b/yizhang/archive/2013/01/24/warning-vs-2012-might-break-your-broken-p-invoke.aspx\nwhich says Visual Studio 2012 started passing /subsystemversion:6.0 (Vista) to the c# compiler. I'm guessing until this was set the \"old\" version of MDIHDR was accepted, but no longer. Changing the ReservedArray in MidiHeader.cs to 8 from 4 fixed the problem for me. I assume this will also work for older VisualStudios on older OSes, but I haven't tested (however, again, the reserved array hasn't been 4 elements for a long time, like 16-bit days apparently).\n",
      "PostedDate": "2014-08-31T13:40:11.27-07:00",
      "Id": -2147483648
    },
    {
      "Message": "Yep, there is an issue there but I think I will use this approach to solve it:\nhttp://stackoverflow.com/questions/6052195/midihdr-problems\n",
      "PostedDate": "2014-08-31T22:48:02.59-07:00",
      "Id": -2147483648
    },
    {
      "Message": "Hmmm. I actually don't see a solution in that link. The important thing is that the size of the header be 64 bytes. My dive into the disassembly of the midiOutPrepareHeader() call led me to a check of the third parameter to the call (the size of the header being passed in), and if that size is less than 64 bytes it will return an error.",
      "PostedDate": "2014-09-01T09:16:03.103-07:00",
      "Id": -2147483648
    },
    {
      "Message": "This should fix it for both 32- and 64-bit.\r\n\r\n[MarshalAs(UnmanagedType.ByValArray, SizeConst = 4)]\npublic IntPtr[] dwReserved;",
      "PostedDate": "2014-09-01T09:40:16.567-07:00",
      "Id": -2147483648
    },
    {
      "Message": "I don't think it's a 32- vs 64-bit problem though. I'm using \"Any CPU\" as my target, and the code being generated is 32-bit (.NET defaults to that for the most part I think, unless you specifically specify x64). The problem is that the MIDIHDR structure changed at some point but in some cases the calls continued to take the old version. With my combination of Windows 8.1 and Visual Studio 2013 the old header is not accepted. It expects the MIDIHDR structure to be 64 bytes (for 32-bit). I have found references to the dwReserved array being 8 elements as far back as 2002 (http://computer-programming-forum.com/20-dylan/0d8e7c7d086de698.htm).",
      "PostedDate": "2014-09-01T10:20:10.12-07:00",
      "Id": -2147483648
    },
    {
      "Message": "Oh, and I gave it a try with the SizeConst = 4 and IntPtr[] as above and I got the same error as originally (though I think you're right, it should be an IntPtr rather than a uint).",
      "PostedDate": "2014-09-01T17:03:48.287-07:00",
      "Id": -2147483648
    },
    {
      "Message": "I've checked in the new header definition. Both size=8 and IntPtr. Haven't tested it yet, though.",
      "PostedDate": "2014-09-13T08:23:06.05-07:00",
      "Id": -2147483648
    },
    {
      "Message": "",
      "PostedDate": "2017-11-30T11:23:28.98-08:00",
      "Id": -2147483648
    }
  ]
}