{
  "WorkItem": {
    "AffectedComponent": {
      "Name": "",
      "DisplayName": ""
    },
    "ClosedComment": "",
    "ClosedDate": "2013-03-16T00:15:10.197-07:00",
    "CommentCount": 0,
    "Custom": null,
    "Description": "In file MidiNoteName.cs there is a bug in the constructor overload that accepts a string as a note name.\n\nHere is the example code that fails:\n```\nImports CannedBytes.Midi\nImports CannedBytes.Midi.Message\n...\nDim mNote As MidiNoteName\nDim nNote As Byte\n...\nmNote = New Message.MidiNoteName(\"E5\")\nnNote = mNote.NoteNumber\n```\nnNote should be 64, but it always returns as 4 (i.e. E0). The octave information always gets lost in the private function ParseNoteName. I suspect that line #64 should be commented out, as follows:\n```\n            if (!String.IsNullOrEmpty(nn))\n            {\n                // this.noteName = nn;       ** This line causes bug\n\n                if (this.noteName.Length > nn.Length)\n                {\n                    this.octave = byte.Parse(this.noteName.Substring(nn.Length), CultureInfo.InvariantCulture);\n                }\n\n```\n\nHope that helps,\nJake",
    "LastUpdatedDate": "2013-05-16T01:00:18.92-07:00",
    "PlannedForRelease": "",
    "ReleaseVisibleToPublic": false,
    "Priority": {
      "Name": "Unassigned",
      "Severity": 0,
      "Id": 0
    },
    "ProjectName": "midinet",
    "ReportedDate": "2013-03-13T10:01:40.537-07:00",
    "Status": {
      "Name": "Closed",
      "Id": 4
    },
    "ReasonClosed": {
      "Name": "Unassigned"
    },
    "Summary": "MidiNoteName Constructor bug",
    "Type": {
      "Name": "Issue",
      "Id": 3
    },
    "VoteCount": 1,
    "Id": 33874
  },
  "FileAttachments": [],
  "Comments": [
    {
      "Message": "Resolved with changeset 102146.",
      "PostedDate": "2013-03-16T00:15:10.197-07:00",
      "Id": -2147483648
    },
    {
      "Message": "",
      "PostedDate": "2013-05-16T01:00:18.92-07:00",
      "Id": -2147483648
    }
  ]
}