[
  {
    "Id": "0",
    "Name": "MIDI.NET 0.1",
    "DevelopmentStatus": "Alpha",
    "Description": "First release of MIDI.NET. The zip file contains Debug and Release assemblies.\n\nKnown issues.\n- CannedBytes.Midi - Time classes still under development. Unit tests fail.",
    "ReleasedDatge": "0001-01-01T00:00:00",
    "ModifiedDate": "2013-04-17T00:47:34.073-07:00",
    "Files": [
      {
        "Id": "b6f115c9-7dab-4824-8e1d-7645a62c1c96",
        "FileName": "CannedBytes.MIDI.NET.zip",
        "Url": "./0/b6f115c9-7dab-4824-8e1d-7645a62c1c96",
        "Type": "Application",
        "UploadDate": "2013-04-17T00:47:33.823-07:00"
      }
    ]
  }
]