[
  {
    "Title": "Home",
    "Id": "1908766",
    "ParentWikiTitle": "Home",
    "FileExtension": "codeplexwiki",
    "UpdatedDate": "2017-09-09T01:33:15.943-07:00",
    "FileAttachments": []
  },
  {
    "Title": "Build Source Code",
    "Id": "1699461",
    "ParentWikiTitle": "Documentation",
    "FileExtension": "codeplexwiki",
    "UpdatedDate": "2015-01-08T05:24:43.617-08:00",
    "FileAttachments": []
  },
  {
    "Title": "Documentation",
    "Id": "717291",
    "ParentWikiTitle": "Documentation",
    "FileExtension": "codeplexwiki",
    "UpdatedDate": "2013-04-11T09:50:57.537-07:00",
    "FileAttachments": []
  },
  {
    "Title": "Samples",
    "Id": "716377",
    "ParentWikiTitle": "Documentation",
    "FileExtension": "codeplexwiki",
    "UpdatedDate": "2013-04-09T10:30:44.383-07:00",
    "FileAttachments": []
  },
  {
    "Title": "Getting Started",
    "Id": "716358",
    "ParentWikiTitle": "Documentation",
    "FileExtension": "codeplexwiki",
    "UpdatedDate": "2013-04-09T09:52:40.217-07:00",
    "FileAttachments": []
  }
]
